Year,Total Jobs,Accommodation And Food Services,"Administrative, Support, Waste Management, And Remediation Services","Arts, Entertainment, And Recreation",Construction,Educational Services; Private,Farm,Federal Civilian,Federal Military,Finance And Insurance,"Forestry, Fishing, And Hunting",Health Care And Social Assistance,Information,Local Government,Management Of Companies And Enterprises,Manufacturing,Mining,Other Services (Except Public Administration),"Professional, Scientific, And Technical Services",Real Estate And Rental And Leasing,Retail Trade,State Government,Transportation And Warehousing,Utilities,Wholesale Trade
2025,"2,503,944","155,653","120,435","59,439","180,728","81,249","21,157","41,951","18,071","176,437","4,809","219,914","50,235","144,635","40,636","165,114","15,392","119,718","200,359","168,700","234,308","96,663","111,824","6,685","69,832"
2026,"2,527,562","156,646","121,731","60,651","184,839","82,034","21,155","41,804","18,152","181,413","4,812","226,835","50,740","144,850","40,970","166,003","15,890","121,014","198,079","167,811","234,052","98,345","113,212","6,471","70,051"
2027,"2,559,417","157,015","121,684","64,011","191,863","82,781","21,061","41,530","18,169","184,647","4,801","233,084","50,386","146,897","41,285","167,071","16,244","122,946","197,685","167,840","236,597","100,014","114,881","6,316","70,611"
2028,"2,582,213","156,894","124,064","68,014","195,887","82,925","20,920","41,251","18,136","185,593","4,778","237,384","50,274","148,598","41,502","167,976","15,595","124,961","198,815","167,356","237,597","101,590","115,460","6,123","70,520"
2029,"2,610,425","156,199","129,076","70,191","200,571","82,838","20,792","41,055","18,100","186,594","4,766","241,503","50,871","150,395","42,323","170,002","14,777","127,012","200,627","167,802","239,051","103,191","116,021","5,936","70,730"
2030,"2,638,876","155,224","135,206","71,368","202,761","82,160","20,665","41,656","18,067","187,217","4,753","246,220","51,483","151,874","42,942","172,774","14,495","128,367","203,670","168,196","242,441","104,422","116,265","5,769","70,877"
2031,"2,660,755","153,461","139,911","72,372","203,770","80,555","20,554","40,915","18,015","187,284","4,750","250,711","51,931","153,247","43,162","175,455","14,552","129,551","206,136","169,373","246,181","105,652","116,373","5,640","71,203"
2032,"2,688,452","152,263","143,840","73,273","206,139","78,649","20,455","40,874","17,872","190,637","4,740","255,536","52,585","154,826","43,323","177,954","15,213","130,811","208,977","170,814","249,239","106,975","116,348","5,520","71,587"
2033,"2,717,425","152,122","147,953","75,297","207,886","76,619","20,446","40,843","17,848","194,341","4,773","259,646","53,122","156,537","43,579","180,064","15,874","131,986","213,395","171,510","251,992","108,290","115,994","5,382","71,925"
2034,"2,762,604","156,717","154,548","79,704","211,990","74,585","20,423","40,817","17,800","196,945","4,819","264,882","53,079","159,010","44,005","182,245","16,443","134,768","218,980","172,801","254,732","109,921","115,601","5,258","72,531"
2035,"2,759,714","151,585","155,638","73,316","214,615","72,152","20,388","40,791","17,742","198,555","4,825","266,684","53,357","160,514","44,686","183,958","16,647","132,818","223,101","171,843","254,683","110,966","113,243","5,145","72,463"
2036,"2,783,614","152,427","160,521","73,531","215,168","70,263","20,351","40,786","17,680","199,383","4,851","269,783","54,648","162,504","45,142","186,886","16,505","133,947","227,848","173,217","256,259","112,394","111,622","5,089","72,808"
2037,"2,813,129","153,694","164,349","73,953","217,147","68,882","20,323","40,816","17,626","202,236","4,879","273,369","55,719","164,614","45,606","189,885","16,341","135,836","231,560","174,487","258,936","114,029","110,539","5,038","73,262"
2038,"2,846,574","154,456","168,255","74,631","217,053","68,038","20,285","40,861","17,565","207,856","4,902","277,584","56,676","166,750","46,320","192,627","16,279","138,153","235,881","175,946","261,545","115,855","110,140","4,989","73,927"
2039,"2,879,512","155,382","171,365","75,399","217,224","67,695","20,252","40,886","17,503","213,391","4,926","281,574","57,476","169,113","46,979","195,205","16,241","140,498","239,736","177,144","264,480","117,757","109,764","4,941","74,581"
2040,"2,912,784","156,206","174,807","76,334","217,035","67,645","20,210","41,457","17,432","217,613","4,948","285,940","58,805","171,283","47,684","197,630","16,216","142,807","243,585","178,594","267,322","119,651","109,468","4,902","75,209"
2041,"2,943,238","157,251","177,964","77,198","216,519","67,682","20,164","40,859","17,364","221,701","4,970","289,874","59,579","173,601","48,345","199,875","16,263","144,839","247,263","179,914","270,427","121,561","109,293","4,859","75,873"
2042,"2,973,911","157,981","181,007","77,950","215,915","67,772","20,117","40,879","17,290","225,879","4,986","293,578","60,213","175,763","48,954","201,982","16,397","146,844","252,027","181,177","273,066","123,481","109,259","4,815","76,577"
2043,"3,005,138","158,955","184,027","78,617","215,625","68,005","20,062","40,896","17,216","230,106","5,008","297,126","60,613","178,197","49,617","203,761","16,503","148,905","256,679","182,433","275,994","125,502","109,240","4,774","77,277"
2044,"3,037,356","159,787","187,389","79,365","215,554","68,473","20,011","40,916","17,140","234,241","5,023","300,965","60,870","180,500","50,237","205,555","16,470","150,833","261,812","183,702","278,836","127,661","109,269","4,736","78,013"
2045,"3,072,009","160,749","190,547","80,062","216,699","69,277","19,960","40,938","17,065","238,223","5,039","305,076","61,161","182,753","50,895","207,744","16,419","152,647","266,988","185,014","282,082","129,936","109,292","4,701","78,742"
2046,"3,107,827","161,505","193,216","80,696","219,301","70,339","19,913","40,962","16,995","242,041","5,052","309,172","61,408","184,942","51,480","209,962","16,416","154,350","272,981","186,245","285,163","132,243","109,300","4,680","79,466"
2047,"3,145,337","162,285","195,564","81,301","223,032","71,527","19,865","40,987","16,927","245,651","5,068","313,184","61,770","187,079","52,070","212,135","16,523","155,971","279,827","187,394","288,522","134,555","109,277","4,656","80,168"
2048,"3,183,586","163,245","197,482","81,852","227,754","72,818","19,817","41,014","16,859","249,073","5,081","317,062","62,011","189,173","52,667","214,374","16,702","157,576","287,063","188,398","291,866","136,980","109,232","4,636","80,851"
2049,"3,222,651","164,251","199,599","82,433","233,335","74,205","19,768","41,021","16,794","252,308","5,089","320,920","62,222","191,216","53,223","216,697","16,890","159,142","294,325","189,271","295,258","139,389","109,165","4,610","81,520"
2050,"3,264,044","165,364","202,093","83,040","239,399","75,651","19,714","41,628","16,720","255,571","5,098","324,860","62,473","193,224","53,852","219,054","17,070","160,738","301,457","190,266","298,906","141,907","109,154","4,588","82,218"
2051,"3,299,354","166,235","203,996","83,567","245,570","77,109","19,658","41,000","16,650","258,606","5,109","328,409","62,584","195,092","54,243","221,496","17,231","162,057","306,830","190,996","302,208","144,355","108,980","4,555","82,817"
2052,"3,335,097","167,160","205,878","84,148","251,849","78,643","19,599","40,986","16,575","261,802","5,114","331,955","62,690","196,903","54,641","223,774","17,409","163,312","311,536","191,778","305,595","146,893","108,869","4,531","83,457"
2053,"3,370,770","168,128","207,593","84,758","258,326","80,301","19,538","40,973","16,502","265,337","5,120","335,475","62,748","198,694","55,029","225,750","17,610","164,813","315,433","192,733","308,959","149,419","108,849","4,521","84,160"
2054,"3,406,068","169,021","209,303","85,355","265,084","81,990","19,476","40,963","16,429","268,829","5,129","338,916","62,807","200,507","55,420","227,602","17,755","166,253","319,321","193,495","312,333","151,923","108,808","4,508","84,841"
2055,"3,441,535","169,956","210,898","85,951","272,172","83,622","19,404","40,949","16,354","272,591","5,130","342,244","62,755","202,398","55,806","229,285","17,840","167,768","323,048","194,310","315,720","154,393","108,853","4,506","85,583"
2056,"3,475,945","170,690","212,585","86,751","277,438","85,124","19,336","40,965","16,271","276,663","5,140","346,129","62,781","204,765","56,181","230,726","17,762","169,357","326,686","195,257","318,531","156,835","109,032","4,522","86,421"
2057,"3,506,527","171,208","214,372","87,583","281,484","86,388","19,265","40,984","16,193","280,041","5,147","349,730","63,113","206,509","56,548","232,314","17,482","170,793","330,260","196,113","321,001","159,214","109,094","4,538","87,154"
2058,"3,536,055","171,730","216,184","88,419","284,835","87,395","19,188","41,004","16,115","283,068","5,154","353,341","63,571","208,278","56,924","233,977","17,223","172,237","333,845","196,988","323,437","161,552","109,170","4,553","87,866"
2059,"3,564,775","172,247","218,003","89,251","287,769","88,114","19,114","41,022","16,031","285,930","5,156","356,871","64,067","210,105","57,299","235,646","17,051","173,679","337,426","197,872","325,872","163,862","109,247","4,568","88,573"
2060,"3,593,542","172,764","219,815","90,080","290,412","88,549","19,032","41,678","15,948","288,715","5,163","360,386","64,562","211,977","57,677","237,325","16,965","175,118","341,004","198,761","328,272","166,145","109,337","4,580","89,274"
2061,"3,620,298","173,345","221,540","90,859","292,823","88,900","18,965","40,956","15,868","291,660","5,175","363,806","64,913","213,846","58,054","238,996","16,919","176,537","344,478","199,633","330,732","168,437","109,280","4,590","89,986"
2062,"3,647,700","173,944","223,232","91,632","295,139","89,222","18,897","40,923","15,791","294,648","5,184","367,242","65,171","215,729","58,423","240,693","16,884","177,982","347,886","200,516","333,259","170,771","109,233","4,594","90,704"
2063,"3,675,024","174,556","224,904","92,406","297,371","89,522","18,830","40,892","15,712","297,643","5,192","370,699","65,355","217,629","58,798","242,398","16,853","179,421","351,228","201,413","335,843","173,133","109,187","4,603","91,435"
2064,"3,702,212","175,181","226,558","93,169","299,514","89,802","18,763","40,860","15,632","300,627","5,202","374,174","65,491","219,543","59,168","244,105","16,826","180,855","354,515","202,313","338,470","175,529","109,140","4,606","92,167"
2065,"3,729,317","175,821","228,192","93,926","301,577","90,065","18,698","40,829","15,556","303,607","5,213","377,666","65,586","221,470","59,535","245,817","16,800","182,283","357,749","203,218","341,143","177,960","109,095","4,612","92,900"
