Geography,Year,Total Jobs
Beaver County,2025,"5,036"
Beaver County,2026,"5,277"
Beaver County,2027,"5,305"
Beaver County,2028,"5,329"
Beaver County,2029,"5,337"
Beaver County,2030,"5,344"
Beaver County,2031,"5,337"
Beaver County,2032,"5,333"
Beaver County,2033,"5,346"
Beaver County,2034,"5,377"
Beaver County,2035,"5,351"
Beaver County,2036,"5,367"
Beaver County,2037,"5,389"
Beaver County,2038,"5,416"
Beaver County,2039,"5,440"
Beaver County,2040,"5,465"
Beaver County,2041,"5,479"
Beaver County,2042,"5,501"
Beaver County,2043,"5,514"
Beaver County,2044,"5,529"
Beaver County,2045,"5,547"
Beaver County,2046,"5,566"
Beaver County,2047,"5,594"
Beaver County,2048,"5,619"
Beaver County,2049,"5,647"
Beaver County,2050,"5,675"
Beaver County,2051,"5,700"
Beaver County,2052,"5,731"
Beaver County,2053,"5,758"
Beaver County,2054,"5,785"
Beaver County,2055,"5,811"
Beaver County,2056,"5,831"
Beaver County,2057,"5,841"
Beaver County,2058,"5,855"
Beaver County,2059,"5,868"
Beaver County,2060,"5,877"
Beaver County,2061,"5,889"
Beaver County,2062,"5,907"
Beaver County,2063,"5,921"
Beaver County,2064,"5,937"
Beaver County,2065,"5,951"
Box Elder County,2025,"34,780"
Box Elder County,2026,"35,078"
Box Elder County,2027,"35,420"
Box Elder County,2028,"35,743"
Box Elder County,2029,"36,120"
Box Elder County,2030,"36,492"
Box Elder County,2031,"36,778"
Box Elder County,2032,"37,058"
Box Elder County,2033,"37,330"
Box Elder County,2034,"37,728"
Box Elder County,2035,"37,525"
Box Elder County,2036,"37,687"
Box Elder County,2037,"37,880"
Box Elder County,2038,"38,110"
Box Elder County,2039,"38,344"
Box Elder County,2040,"38,558"
Box Elder County,2041,"38,741"
Box Elder County,2042,"38,939"
Box Elder County,2043,"39,090"
Box Elder County,2044,"39,236"
Box Elder County,2045,"39,414"
Box Elder County,2046,"39,623"
Box Elder County,2047,"39,835"
Box Elder County,2048,"40,062"
Box Elder County,2049,"40,308"
Box Elder County,2050,"40,549"
Box Elder County,2051,"40,779"
Box Elder County,2052,"40,984"
Box Elder County,2053,"41,176"
Box Elder County,2054,"41,351"
Box Elder County,2055,"41,509"
Box Elder County,2056,"41,632"
Box Elder County,2057,"41,722"
Box Elder County,2058,"41,803"
Box Elder County,2059,"41,859"
Box Elder County,2060,"41,928"
Box Elder County,2061,"41,997"
Box Elder County,2062,"42,074"
Box Elder County,2063,"42,152"
Box Elder County,2064,"42,233"
Box Elder County,2065,"42,310"
Cache County,2025,"93,669"
Cache County,2026,"94,350"
Cache County,2027,"94,987"
Cache County,2028,"95,618"
Cache County,2029,"96,380"
Cache County,2030,"97,197"
Cache County,2031,"97,893"
Cache County,2032,"98,594"
Cache County,2033,"99,381"
Cache County,2034,"100,778"
Cache County,2035,"100,492"
Cache County,2036,"101,153"
Cache County,2037,"101,906"
Cache County,2038,"102,770"
Cache County,2039,"103,662"
Cache County,2040,"104,532"
Cache County,2041,"105,330"
Cache County,2042,"106,166"
Cache County,2043,"106,966"
Cache County,2044,"107,810"
Cache County,2045,"108,699"
Cache County,2046,"109,612"
Cache County,2047,"110,580"
Cache County,2048,"111,553"
Cache County,2049,"112,529"
Cache County,2050,"113,498"
Cache County,2051,"114,371"
Cache County,2052,"115,195"
Cache County,2053,"115,969"
Cache County,2054,"116,677"
Cache County,2055,"117,363"
Cache County,2056,"117,950"
Cache County,2057,"118,468"
Cache County,2058,"118,957"
Cache County,2059,"119,434"
Cache County,2060,"119,922"
Cache County,2061,"120,398"
Cache County,2062,"120,884"
Cache County,2063,"121,377"
Cache County,2064,"121,865"
Cache County,2065,"122,353"
Carbon County,2025,"12,163"
Carbon County,2026,"12,240"
Carbon County,2027,"12,346"
Carbon County,2028,"12,336"
Carbon County,2029,"12,261"
Carbon County,2030,"12,205"
Carbon County,2031,"12,216"
Carbon County,2032,"12,268"
Carbon County,2033,"12,318"
Carbon County,2034,"12,415"
Carbon County,2035,"12,394"
Carbon County,2036,"12,439"
Carbon County,2037,"12,509"
Carbon County,2038,"12,600"
Carbon County,2039,"12,697"
Carbon County,2040,"12,794"
Carbon County,2041,"12,883"
Carbon County,2042,"12,994"
Carbon County,2043,"13,101"
Carbon County,2044,"13,209"
Carbon County,2045,"13,323"
Carbon County,2046,"13,450"
Carbon County,2047,"13,578"
Carbon County,2048,"13,708"
Carbon County,2049,"13,844"
Carbon County,2050,"13,976"
Carbon County,2051,"14,097"
Carbon County,2052,"14,214"
Carbon County,2053,"14,327"
Carbon County,2054,"14,429"
Carbon County,2055,"14,524"
Carbon County,2056,"14,597"
Carbon County,2057,"14,660"
Carbon County,2058,"14,716"
Carbon County,2059,"14,763"
Carbon County,2060,"14,814"
Carbon County,2061,"14,864"
Carbon County,2062,"14,914"
Carbon County,2063,"14,966"
Carbon County,2064,"15,019"
Carbon County,2065,"15,071"
Daggett County,2025,679
Daggett County,2026,680
Daggett County,2027,685
Daggett County,2028,689
Daggett County,2029,692
Daggett County,2030,694
Daggett County,2031,695
Daggett County,2032,700
Daggett County,2033,703
Daggett County,2034,707
Daggett County,2035,702
Daggett County,2036,704
Daggett County,2037,704
Daggett County,2038,705
Daggett County,2039,708
Daggett County,2040,709
Daggett County,2041,712
Daggett County,2042,713
Daggett County,2043,712
Daggett County,2044,717
Daggett County,2045,718
Daggett County,2046,721
Daggett County,2047,722
Daggett County,2048,728
Daggett County,2049,729
Daggett County,2050,733
Daggett County,2051,735
Daggett County,2052,735
Daggett County,2053,738
Daggett County,2054,740
Daggett County,2055,743
Daggett County,2056,741
Daggett County,2057,743
Daggett County,2058,740
Daggett County,2059,741
Daggett County,2060,744
Daggett County,2061,742
Daggett County,2062,744
Daggett County,2063,748
Daggett County,2064,746
Daggett County,2065,747
Davis County,2025,"225,658"
Davis County,2026,"226,657"
Davis County,2027,"227,973"
Davis County,2028,"228,974"
Davis County,2029,"230,507"
Davis County,2030,"232,190"
Davis County,2031,"232,978"
Davis County,2032,"234,131"
Davis County,2033,"235,677"
Davis County,2034,"238,889"
Davis County,2035,"237,203"
Davis County,2036,"238,410"
Davis County,2037,"240,152"
Davis County,2038,"242,321"
Davis County,2039,"244,624"
Davis County,2040,"247,061"
Davis County,2041,"249,024"
Davis County,2042,"251,241"
Davis County,2043,"253,377"
Davis County,2044,"255,547"
Davis County,2045,"257,890"
Davis County,2046,"260,302"
Davis County,2047,"262,811"
Davis County,2048,"265,264"
Davis County,2049,"267,745"
Davis County,2050,"270,458"
Davis County,2051,"272,406"
Davis County,2052,"274,425"
Davis County,2053,"276,363"
Davis County,2054,"278,223"
Davis County,2055,"280,013"
Davis County,2056,"281,619"
Davis County,2057,"282,930"
Davis County,2058,"284,106"
Davis County,2059,"285,172"
Davis County,2060,"286,323"
Davis County,2061,"287,009"
Davis County,2062,"287,983"
Davis County,2063,"288,964"
Davis County,2064,"289,949"
Davis County,2065,"290,935"
Duchesne County,2025,"13,772"
Duchesne County,2026,"14,622"
Duchesne County,2027,"15,480"
Duchesne County,2028,"15,477"
Duchesne County,2029,"14,794"
Duchesne County,2030,"14,136"
Duchesne County,2031,"14,164"
Duchesne County,2032,"14,280"
Duchesne County,2033,"14,409"
Duchesne County,2034,"14,549"
Duchesne County,2035,"14,550"
Duchesne County,2036,"14,550"
Duchesne County,2037,"14,553"
Duchesne County,2038,"14,584"
Duchesne County,2039,"14,641"
Duchesne County,2040,"14,689"
Duchesne County,2041,"14,762"
Duchesne County,2042,"14,850"
Duchesne County,2043,"14,938"
Duchesne County,2044,"15,000"
Duchesne County,2045,"15,077"
Duchesne County,2046,"15,166"
Duchesne County,2047,"15,275"
Duchesne County,2048,"15,391"
Duchesne County,2049,"15,505"
Duchesne County,2050,"15,615"
Duchesne County,2051,"15,709"
Duchesne County,2052,"15,803"
Duchesne County,2053,"15,905"
Duchesne County,2054,"15,988"
Duchesne County,2055,"16,054"
Duchesne County,2056,"16,078"
Duchesne County,2057,"16,051"
Duchesne County,2058,"16,026"
Duchesne County,2059,"16,009"
Duchesne County,2060,"16,007"
Duchesne County,2061,"16,009"
Duchesne County,2062,"16,017"
Duchesne County,2063,"16,028"
Duchesne County,2064,"16,043"
Duchesne County,2065,"16,054"
Emery County,2025,"5,918"
Emery County,2026,"5,840"
Emery County,2027,"6,033"
Emery County,2028,"5,889"
Emery County,2029,"5,835"
Emery County,2030,"5,814"
Emery County,2031,"5,804"
Emery County,2032,"5,817"
Emery County,2033,"5,835"
Emery County,2034,"5,865"
Emery County,2035,"5,845"
Emery County,2036,"5,848"
Emery County,2037,"5,860"
Emery County,2038,"5,879"
Emery County,2039,"5,902"
Emery County,2040,"5,924"
Emery County,2041,"5,948"
Emery County,2042,"5,976"
Emery County,2043,"6,002"
Emery County,2044,"6,025"
Emery County,2045,"6,051"
Emery County,2046,"6,084"
Emery County,2047,"6,118"
Emery County,2048,"6,154"
Emery County,2049,"6,197"
Emery County,2050,"6,236"
Emery County,2051,"6,266"
Emery County,2052,"6,302"
Emery County,2053,"6,336"
Emery County,2054,"6,364"
Emery County,2055,"6,388"
Emery County,2056,"6,404"
Emery County,2057,"6,409"
Emery County,2058,"6,414"
Emery County,2059,"6,420"
Emery County,2060,"6,428"
Emery County,2061,"6,437"
Emery County,2062,"6,447"
Emery County,2063,"6,460"
Emery County,2064,"6,469"
Emery County,2065,"6,482"
Garfield County,2025,"3,787"
Garfield County,2026,"3,822"
Garfield County,2027,"3,852"
Garfield County,2028,"3,876"
Garfield County,2029,"3,898"
Garfield County,2030,"3,912"
Garfield County,2031,"3,916"
Garfield County,2032,"3,920"
Garfield County,2033,"3,931"
Garfield County,2034,"3,953"
Garfield County,2035,"3,932"
Garfield County,2036,"3,942"
Garfield County,2037,"3,954"
Garfield County,2038,"3,972"
Garfield County,2039,"3,989"
Garfield County,2040,"4,009"
Garfield County,2041,"4,023"
Garfield County,2042,"4,037"
Garfield County,2043,"4,052"
Garfield County,2044,"4,071"
Garfield County,2045,"4,089"
Garfield County,2046,"4,112"
Garfield County,2047,"4,140"
Garfield County,2048,"4,168"
Garfield County,2049,"4,192"
Garfield County,2050,"4,220"
Garfield County,2051,"4,248"
Garfield County,2052,"4,275"
Garfield County,2053,"4,301"
Garfield County,2054,"4,329"
Garfield County,2055,"4,346"
Garfield County,2056,"4,367"
Garfield County,2057,"4,380"
Garfield County,2058,"4,389"
Garfield County,2059,"4,399"
Garfield County,2060,"4,408"
Garfield County,2061,"4,418"
Garfield County,2062,"4,428"
Garfield County,2063,"4,439"
Garfield County,2064,"4,455"
Garfield County,2065,"4,466"
Grand County,2025,"9,641"
Grand County,2026,"9,708"
Grand County,2027,"9,769"
Grand County,2028,"9,825"
Grand County,2029,"9,865"
Grand County,2030,"9,906"
Grand County,2031,"9,916"
Grand County,2032,"9,940"
Grand County,2033,"9,976"
Grand County,2034,"10,071"
Grand County,2035,"9,991"
Grand County,2036,"10,022"
Grand County,2037,"10,076"
Grand County,2038,"10,127"
Grand County,2039,"10,173"
Grand County,2040,"10,223"
Grand County,2041,"10,271"
Grand County,2042,"10,319"
Grand County,2043,"10,367"
Grand County,2044,"10,415"
Grand County,2045,"10,475"
Grand County,2046,"10,537"
Grand County,2047,"10,613"
Grand County,2048,"10,686"
Grand County,2049,"10,770"
Grand County,2050,"10,861"
Grand County,2051,"10,930"
Grand County,2052,"11,015"
Grand County,2053,"11,097"
Grand County,2054,"11,177"
Grand County,2055,"11,255"
Grand County,2056,"11,311"
Grand County,2057,"11,357"
Grand County,2058,"11,404"
Grand County,2059,"11,443"
Grand County,2060,"11,486"
Grand County,2061,"11,523"
Grand County,2062,"11,567"
Grand County,2063,"11,614"
Grand County,2064,"11,656"
Grand County,2065,"11,699"
Iron County,2025,"37,836"
Iron County,2026,"38,698"
Iron County,2027,"39,488"
Iron County,2028,"40,346"
Iron County,2029,"41,349"
Iron County,2030,"42,137"
Iron County,2031,"42,853"
Iron County,2032,"43,573"
Iron County,2033,"44,261"
Iron County,2034,"45,112"
Iron County,2035,"45,457"
Iron County,2036,"46,115"
Iron County,2037,"46,805"
Iron County,2038,"47,554"
Iron County,2039,"48,270"
Iron County,2040,"48,720"
Iron County,2041,"49,110"
Iron County,2042,"49,511"
Iron County,2043,"49,887"
Iron County,2044,"50,275"
Iron County,2045,"50,719"
Iron County,2046,"51,213"
Iron County,2047,"51,755"
Iron County,2048,"52,312"
Iron County,2049,"52,887"
Iron County,2050,"53,446"
Iron County,2051,"54,006"
Iron County,2052,"54,572"
Iron County,2053,"55,152"
Iron County,2054,"55,698"
Iron County,2055,"56,227"
Iron County,2056,"56,697"
Iron County,2057,"57,117"
Iron County,2058,"57,504"
Iron County,2059,"57,865"
Iron County,2060,"58,221"
Iron County,2061,"58,572"
Iron County,2062,"58,926"
Iron County,2063,"59,286"
Iron County,2064,"59,646"
Iron County,2065,"60,007"
Juab County,2025,"6,674"
Juab County,2026,"6,776"
Juab County,2027,"6,897"
Juab County,2028,"7,004"
Juab County,2029,"7,126"
Juab County,2030,"7,236"
Juab County,2031,"7,346"
Juab County,2032,"7,449"
Juab County,2033,"7,526"
Juab County,2034,"7,635"
Juab County,2035,"7,637"
Juab County,2036,"7,692"
Juab County,2037,"7,762"
Juab County,2038,"7,826"
Juab County,2039,"7,893"
Juab County,2040,"7,951"
Juab County,2041,"8,004"
Juab County,2042,"8,046"
Juab County,2043,"8,095"
Juab County,2044,"8,133"
Juab County,2045,"8,184"
Juab County,2046,"8,237"
Juab County,2047,"8,294"
Juab County,2048,"8,345"
Juab County,2049,"8,400"
Juab County,2050,"8,454"
Juab County,2051,"8,507"
Juab County,2052,"8,551"
Juab County,2053,"8,600"
Juab County,2054,"8,640"
Juab County,2055,"8,687"
Juab County,2056,"8,725"
Juab County,2057,"8,752"
Juab County,2058,"8,778"
Juab County,2059,"8,806"
Juab County,2060,"8,832"
Juab County,2061,"8,856"
Juab County,2062,"8,886"
Juab County,2063,"8,914"
Juab County,2064,"8,938"
Juab County,2065,"8,965"
Kane County,2025,"6,400"
Kane County,2026,"6,450"
Kane County,2027,"6,504"
Kane County,2028,"6,573"
Kane County,2029,"6,640"
Kane County,2030,"6,691"
Kane County,2031,"6,727"
Kane County,2032,"6,770"
Kane County,2033,"6,808"
Kane County,2034,"6,877"
Kane County,2035,"6,836"
Kane County,2036,"6,872"
Kane County,2037,"6,923"
Kane County,2038,"6,974"
Kane County,2039,"7,023"
Kane County,2040,"7,071"
Kane County,2041,"7,110"
Kane County,2042,"7,150"
Kane County,2043,"7,194"
Kane County,2044,"7,235"
Kane County,2045,"7,281"
Kane County,2046,"7,331"
Kane County,2047,"7,390"
Kane County,2048,"7,446"
Kane County,2049,"7,502"
Kane County,2050,"7,564"
Kane County,2051,"7,624"
Kane County,2052,"7,682"
Kane County,2053,"7,743"
Kane County,2054,"7,800"
Kane County,2055,"7,856"
Kane County,2056,"7,901"
Kane County,2057,"7,936"
Kane County,2058,"7,972"
Kane County,2059,"8,002"
Kane County,2060,"8,036"
Kane County,2061,"8,072"
Kane County,2062,"8,113"
Kane County,2063,"8,153"
Kane County,2064,"8,194"
Kane County,2065,"8,236"
Millard County,2025,"8,437"
Millard County,2026,"8,469"
Millard County,2027,"8,478"
Millard County,2028,"8,494"
Millard County,2029,"8,525"
Millard County,2030,"8,562"
Millard County,2031,"8,591"
Millard County,2032,"8,618"
Millard County,2033,"8,651"
Millard County,2034,"8,706"
Millard County,2035,"8,699"
Millard County,2036,"8,732"
Millard County,2037,"8,778"
Millard County,2038,"8,823"
Millard County,2039,"8,866"
Millard County,2040,"8,913"
Millard County,2041,"8,959"
Millard County,2042,"8,999"
Millard County,2043,"9,045"
Millard County,2044,"9,093"
Millard County,2045,"9,139"
Millard County,2046,"9,199"
Millard County,2047,"9,253"
Millard County,2048,"9,306"
Millard County,2049,"9,365"
Millard County,2050,"9,421"
Millard County,2051,"9,473"
Millard County,2052,"9,523"
Millard County,2053,"9,573"
Millard County,2054,"9,617"
Millard County,2055,"9,652"
Millard County,2056,"9,680"
Millard County,2057,"9,696"
Millard County,2058,"9,712"
Millard County,2059,"9,723"
Millard County,2060,"9,738"
Millard County,2061,"9,751"
Millard County,2062,"9,772"
Millard County,2063,"9,788"
Millard County,2064,"9,802"
Millard County,2065,"9,824"
Morgan County,2025,"6,559"
Morgan County,2026,"6,620"
Morgan County,2027,"6,686"
Morgan County,2028,"6,747"
Morgan County,2029,"6,806"
Morgan County,2030,"6,850"
Morgan County,2031,"6,885"
Morgan County,2032,"6,933"
Morgan County,2033,"6,999"
Morgan County,2034,"7,114"
Morgan County,2035,"7,065"
Morgan County,2036,"7,107"
Morgan County,2037,"7,159"
Morgan County,2038,"7,227"
Morgan County,2039,"7,294"
Morgan County,2040,"7,359"
Morgan County,2041,"7,415"
Morgan County,2042,"7,470"
Morgan County,2043,"7,524"
Morgan County,2044,"7,576"
Morgan County,2045,"7,625"
Morgan County,2046,"7,687"
Morgan County,2047,"7,742"
Morgan County,2048,"7,799"
Morgan County,2049,"7,855"
Morgan County,2050,"7,909"
Morgan County,2051,"7,951"
Morgan County,2052,"7,995"
Morgan County,2053,"8,033"
Morgan County,2054,"8,066"
Morgan County,2055,"8,104"
Morgan County,2056,"8,124"
Morgan County,2057,"8,143"
Morgan County,2058,"8,152"
Morgan County,2059,"8,162"
Morgan County,2060,"8,172"
Morgan County,2061,"8,181"
Morgan County,2062,"8,193"
Morgan County,2063,"8,201"
Morgan County,2064,"8,209"
Morgan County,2065,"8,220"
Piute County,2025,703
Piute County,2026,701
Piute County,2027,701
Piute County,2028,697
Piute County,2029,691
Piute County,2030,690
Piute County,2031,689
Piute County,2032,689
Piute County,2033,693
Piute County,2034,700
Piute County,2035,693
Piute County,2036,693
Piute County,2037,694
Piute County,2038,694
Piute County,2039,694
Piute County,2040,697
Piute County,2041,698
Piute County,2042,699
Piute County,2043,698
Piute County,2044,698
Piute County,2045,701
Piute County,2046,702
Piute County,2047,703
Piute County,2048,707
Piute County,2049,709
Piute County,2050,711
Piute County,2051,711
Piute County,2052,713
Piute County,2053,719
Piute County,2054,718
Piute County,2055,721
Piute County,2056,721
Piute County,2057,721
Piute County,2058,723
Piute County,2059,724
Piute County,2060,725
Piute County,2061,726
Piute County,2062,727
Piute County,2063,730
Piute County,2064,729
Piute County,2065,729
Rich County,2025,"2,176"
Rich County,2026,"2,178"
Rich County,2027,"2,187"
Rich County,2028,"2,199"
Rich County,2029,"2,208"
Rich County,2030,"2,218"
Rich County,2031,"2,230"
Rich County,2032,"2,236"
Rich County,2033,"2,249"
Rich County,2034,"2,275"
Rich County,2035,"2,255"
Rich County,2036,"2,267"
Rich County,2037,"2,277"
Rich County,2038,"2,290"
Rich County,2039,"2,303"
Rich County,2040,"2,320"
Rich County,2041,"2,333"
Rich County,2042,"2,349"
Rich County,2043,"2,357"
Rich County,2044,"2,369"
Rich County,2045,"2,384"
Rich County,2046,"2,396"
Rich County,2047,"2,413"
Rich County,2048,"2,426"
Rich County,2049,"2,446"
Rich County,2050,"2,459"
Rich County,2051,"2,471"
Rich County,2052,"2,488"
Rich County,2053,"2,503"
Rich County,2054,"2,516"
Rich County,2055,"2,529"
Rich County,2056,"2,541"
Rich County,2057,"2,550"
Rich County,2058,"2,556"
Rich County,2059,"2,563"
Rich County,2060,"2,569"
Rich County,2061,"2,579"
Rich County,2062,"2,589"
Rich County,2063,"2,598"
Rich County,2064,"2,605"
Rich County,2065,"2,617"
Salt Lake County,2025,"1,083,702"
Salt Lake County,2026,"1,087,945"
Salt Lake County,2027,"1,100,617"
Salt Lake County,2028,"1,106,646"
Salt Lake County,2029,"1,117,006"
Salt Lake County,2030,"1,128,360"
Salt Lake County,2031,"1,135,653"
Salt Lake County,2032,"1,146,975"
Salt Lake County,2033,"1,159,767"
Salt Lake County,2034,"1,178,674"
Salt Lake County,2035,"1,179,406"
Salt Lake County,2036,"1,190,028"
Salt Lake County,2037,"1,204,562"
Salt Lake County,2038,"1,220,611"
Salt Lake County,2039,"1,236,200"
Salt Lake County,2040,"1,252,772"
Salt Lake County,2041,"1,268,260"
Salt Lake County,2042,"1,283,186"
Salt Lake County,2043,"1,299,278"
Salt Lake County,2044,"1,316,024"
Salt Lake County,2045,"1,333,972"
Salt Lake County,2046,"1,352,227"
Salt Lake County,2047,"1,371,380"
Salt Lake County,2048,"1,390,914"
Salt Lake County,2049,"1,410,852"
Salt Lake County,2050,"1,432,465"
Salt Lake County,2051,"1,450,301"
Salt Lake County,2052,"1,468,445"
Salt Lake County,2053,"1,486,578"
Salt Lake County,2054,"1,504,856"
Salt Lake County,2055,"1,523,552"
Salt Lake County,2056,"1,542,670"
Salt Lake County,2057,"1,559,557"
Salt Lake County,2058,"1,575,962"
Salt Lake County,2059,"1,591,946"
Salt Lake County,2060,"1,607,856"
Salt Lake County,2061,"1,622,863"
Salt Lake County,2062,"1,638,020"
Salt Lake County,2063,"1,653,151"
Salt Lake County,2064,"1,668,269"
Salt Lake County,2065,"1,683,385"
San Juan County,2025,"7,361"
San Juan County,2026,"7,367"
San Juan County,2027,"7,371"
San Juan County,2028,"7,362"
San Juan County,2029,"7,350"
San Juan County,2030,"7,356"
San Juan County,2031,"7,367"
San Juan County,2032,"7,406"
San Juan County,2033,"7,446"
San Juan County,2034,"7,500"
San Juan County,2035,"7,495"
San Juan County,2036,"7,508"
San Juan County,2037,"7,533"
San Juan County,2038,"7,562"
San Juan County,2039,"7,599"
San Juan County,2040,"7,630"
San Juan County,2041,"7,664"
San Juan County,2042,"7,701"
San Juan County,2043,"7,735"
San Juan County,2044,"7,766"
San Juan County,2045,"7,802"
San Juan County,2046,"7,833"
San Juan County,2047,"7,879"
San Juan County,2048,"7,925"
San Juan County,2049,"7,972"
San Juan County,2050,"8,021"
San Juan County,2051,"8,061"
San Juan County,2052,"8,104"
San Juan County,2053,"8,153"
San Juan County,2054,"8,196"
San Juan County,2055,"8,242"
San Juan County,2056,"8,265"
San Juan County,2057,"8,276"
San Juan County,2058,"8,291"
San Juan County,2059,"8,308"
San Juan County,2060,"8,336"
San Juan County,2061,"8,358"
San Juan County,2062,"8,384"
San Juan County,2063,"8,415"
San Juan County,2064,"8,444"
San Juan County,2065,"8,472"
Sanpete County,2025,"15,094"
Sanpete County,2026,"15,237"
Sanpete County,2027,"15,392"
Sanpete County,2028,"15,578"
Sanpete County,2029,"15,791"
Sanpete County,2030,"15,967"
Sanpete County,2031,"16,145"
Sanpete County,2032,"16,325"
Sanpete County,2033,"16,500"
Sanpete County,2034,"16,732"
Sanpete County,2035,"16,800"
Sanpete County,2036,"16,957"
Sanpete County,2037,"17,129"
Sanpete County,2038,"17,311"
Sanpete County,2039,"17,475"
Sanpete County,2040,"17,629"
Sanpete County,2041,"17,758"
Sanpete County,2042,"17,887"
Sanpete County,2043,"17,999"
Sanpete County,2044,"18,101"
Sanpete County,2045,"18,197"
Sanpete County,2046,"18,302"
Sanpete County,2047,"18,406"
Sanpete County,2048,"18,508"
Sanpete County,2049,"18,610"
Sanpete County,2050,"18,705"
Sanpete County,2051,"18,783"
Sanpete County,2052,"18,868"
Sanpete County,2053,"18,943"
Sanpete County,2054,"19,010"
Sanpete County,2055,"19,073"
Sanpete County,2056,"19,108"
Sanpete County,2057,"19,138"
Sanpete County,2058,"19,166"
Sanpete County,2059,"19,195"
Sanpete County,2060,"19,227"
Sanpete County,2061,"19,260"
Sanpete County,2062,"19,295"
Sanpete County,2063,"19,333"
Sanpete County,2064,"19,366"
Sanpete County,2065,"19,402"
Sevier County,2025,"13,966"
Sevier County,2026,"14,101"
Sevier County,2027,"14,225"
Sevier County,2028,"14,297"
Sevier County,2029,"14,363"
Sevier County,2030,"14,446"
Sevier County,2031,"14,527"
Sevier County,2032,"14,627"
Sevier County,2033,"14,733"
Sevier County,2034,"14,902"
Sevier County,2035,"14,884"
Sevier County,2036,"14,955"
Sevier County,2037,"15,063"
Sevier County,2038,"15,192"
Sevier County,2039,"15,322"
Sevier County,2040,"15,447"
Sevier County,2041,"15,569"
Sevier County,2042,"15,706"
Sevier County,2043,"15,841"
Sevier County,2044,"15,970"
Sevier County,2045,"16,095"
Sevier County,2046,"16,236"
Sevier County,2047,"16,379"
Sevier County,2048,"16,536"
Sevier County,2049,"16,690"
Sevier County,2050,"16,845"
Sevier County,2051,"16,988"
Sevier County,2052,"17,135"
Sevier County,2053,"17,289"
Sevier County,2054,"17,427"
Sevier County,2055,"17,556"
Sevier County,2056,"17,665"
Sevier County,2057,"17,748"
Sevier County,2058,"17,825"
Sevier County,2059,"17,911"
Sevier County,2060,"18,004"
Sevier County,2061,"18,093"
Sevier County,2062,"18,181"
Sevier County,2063,"18,276"
Sevier County,2064,"18,367"
Sevier County,2065,"18,454"
Summit County,2025,"51,653"
Summit County,2026,"52,498"
Summit County,2027,"53,411"
Summit County,2028,"54,276"
Summit County,2029,"55,134"
Summit County,2030,"55,880"
Summit County,2031,"56,546"
Summit County,2032,"57,332"
Summit County,2033,"58,127"
Summit County,2034,"59,538"
Summit County,2035,"58,915"
Summit County,2036,"59,588"
Summit County,2037,"60,328"
Summit County,2038,"61,144"
Summit County,2039,"61,966"
Summit County,2040,"62,724"
Summit County,2041,"63,442"
Summit County,2042,"64,133"
Summit County,2043,"64,855"
Summit County,2044,"65,586"
Summit County,2045,"66,349"
Summit County,2046,"67,151"
Summit County,2047,"67,967"
Summit County,2048,"68,817"
Summit County,2049,"69,651"
Summit County,2050,"70,544"
Summit County,2051,"71,381"
Summit County,2052,"72,218"
Summit County,2053,"73,031"
Summit County,2054,"73,854"
Summit County,2055,"74,651"
Summit County,2056,"75,467"
Summit County,2057,"76,227"
Summit County,2058,"76,928"
Summit County,2059,"77,656"
Summit County,2060,"78,406"
Summit County,2061,"79,120"
Summit County,2062,"79,826"
Summit County,2063,"80,534"
Summit County,2064,"81,230"
Summit County,2065,"81,922"
Tooele County,2025,"31,850"
Tooele County,2026,"32,303"
Tooele County,2027,"32,834"
Tooele County,2028,"33,315"
Tooele County,2029,"33,868"
Tooele County,2030,"34,422"
Tooele County,2031,"34,849"
Tooele County,2032,"35,297"
Tooele County,2033,"35,734"
Tooele County,2034,"36,375"
Tooele County,2035,"36,378"
Tooele County,2036,"36,733"
Tooele County,2037,"37,160"
Tooele County,2038,"37,614"
Tooele County,2039,"38,068"
Tooele County,2040,"38,508"
Tooele County,2041,"38,897"
Tooele County,2042,"39,299"
Tooele County,2043,"39,693"
Tooele County,2044,"40,081"
Tooele County,2045,"40,504"
Tooele County,2046,"40,931"
Tooele County,2047,"41,371"
Tooele County,2048,"41,821"
Tooele County,2049,"42,287"
Tooele County,2050,"42,781"
Tooele County,2051,"43,188"
Tooele County,2052,"43,603"
Tooele County,2053,"44,018"
Tooele County,2054,"44,428"
Tooele County,2055,"44,832"
Tooele County,2056,"45,200"
Tooele County,2057,"45,521"
Tooele County,2058,"45,832"
Tooele County,2059,"46,119"
Tooele County,2060,"46,414"
Tooele County,2061,"46,658"
Tooele County,2062,"46,922"
Tooele County,2063,"47,184"
Tooele County,2064,"47,447"
Tooele County,2065,"47,707"
Uintah County,2025,"22,428"
Uintah County,2026,"22,749"
Uintah County,2027,"23,050"
Uintah County,2028,"23,081"
Uintah County,2029,"22,995"
Uintah County,2030,"22,973"
Uintah County,2031,"23,087"
Uintah County,2032,"23,325"
Uintah County,2033,"23,560"
Uintah County,2034,"23,839"
Uintah County,2035,"23,841"
Uintah County,2036,"23,856"
Uintah County,2037,"23,893"
Uintah County,2038,"23,986"
Uintah County,2039,"24,099"
Uintah County,2040,"24,211"
Uintah County,2041,"24,335"
Uintah County,2042,"24,501"
Uintah County,2043,"24,671"
Uintah County,2044,"24,817"
Uintah County,2045,"24,973"
Uintah County,2046,"25,163"
Uintah County,2047,"25,400"
Uintah County,2048,"25,652"
Uintah County,2049,"25,922"
Uintah County,2050,"26,191"
Uintah County,2051,"26,441"
Uintah County,2052,"26,696"
Uintah County,2053,"26,960"
Uintah County,2054,"27,197"
Uintah County,2055,"27,412"
Uintah County,2056,"27,538"
Uintah County,2057,"27,571"
Uintah County,2058,"27,599"
Uintah County,2059,"27,637"
Uintah County,2060,"27,688"
Uintah County,2061,"27,737"
Uintah County,2062,"27,796"
Uintah County,2063,"27,859"
Uintah County,2064,"27,924"
Uintah County,2065,"27,987"
Utah County,2025,"471,008"
Utah County,2026,"480,020"
Utah County,2027,"488,690"
Utah County,2028,"496,930"
Utah County,2029,"505,566"
Utah County,2030,"513,655"
Utah County,2031,"520,702"
Utah County,2032,"528,369"
Utah County,2033,"535,544"
Utah County,2034,"546,813"
Utah County,2035,"546,780"
Utah County,2036,"552,951"
Utah County,2037,"559,379"
Utah County,2038,"566,712"
Utah County,2039,"573,832"
Utah County,2040,"580,714"
Utah County,2041,"587,163"
Utah County,2042,"593,673"
Utah County,2043,"599,996"
Utah County,2044,"606,525"
Utah County,2045,"613,528"
Utah County,2046,"620,690"
Utah County,2047,"628,108"
Utah County,2048,"635,618"
Utah County,2049,"643,291"
Utah County,2050,"651,184"
Utah County,2051,"658,462"
Utah County,2052,"665,667"
Utah County,2053,"673,084"
Utah County,2054,"680,459"
Utah County,2055,"687,941"
Utah County,2056,"695,158"
Utah County,2057,"701,928"
Utah County,2058,"708,665"
Utah County,2059,"715,286"
Utah County,2060,"721,829"
Utah County,2061,"728,199"
Utah County,2062,"734,507"
Utah County,2063,"740,723"
Utah County,2064,"746,855"
Utah County,2065,"752,908"
Wasatch County,2025,"24,161"
Wasatch County,2026,"24,639"
Wasatch County,2027,"25,094"
Wasatch County,2028,"25,522"
Wasatch County,2029,"25,963"
Wasatch County,2030,"26,365"
Wasatch County,2031,"26,711"
Wasatch County,2032,"27,100"
Wasatch County,2033,"27,519"
Wasatch County,2034,"28,366"
Wasatch County,2035,"27,963"
Wasatch County,2036,"28,240"
Wasatch County,2037,"28,544"
Wasatch County,2038,"28,903"
Wasatch County,2039,"29,269"
Wasatch County,2040,"29,605"
Wasatch County,2041,"29,915"
Wasatch County,2042,"30,255"
Wasatch County,2043,"30,561"
Wasatch County,2044,"30,880"
Wasatch County,2045,"31,207"
Wasatch County,2046,"31,558"
Wasatch County,2047,"31,891"
Wasatch County,2048,"32,216"
Wasatch County,2049,"32,547"
Wasatch County,2050,"32,887"
Wasatch County,2051,"33,176"
Wasatch County,2052,"33,438"
Wasatch County,2053,"33,701"
Wasatch County,2054,"33,936"
Wasatch County,2055,"34,162"
Wasatch County,2056,"34,352"
Wasatch County,2057,"34,515"
Wasatch County,2058,"34,667"
Wasatch County,2059,"34,799"
Wasatch County,2060,"34,948"
Wasatch County,2061,"35,094"
Wasatch County,2062,"35,238"
Wasatch County,2063,"35,385"
Wasatch County,2064,"35,528"
Wasatch County,2065,"35,672"
Washington County,2025,"139,092"
Washington County,2026,"141,643"
Washington County,2027,"143,782"
Washington County,2028,"146,007"
Washington County,2029,"148,397"
Washington County,2030,"150,566"
Washington County,2031,"152,433"
Washington County,2032,"154,357"
Washington County,2033,"155,941"
Washington County,2034,"158,081"
Washington County,2035,"158,557"
Washington County,2036,"159,931"
Washington County,2037,"161,475"
Washington County,2038,"163,306"
Washington County,2039,"165,063"
Washington County,2040,"166,702"
Washington County,2041,"168,191"
Washington County,2042,"169,791"
Washington County,2043,"171,296"
Washington County,2044,"172,854"
Washington County,2045,"174,603"
Washington County,2046,"176,570"
Washington County,2047,"178,727"
Washington County,2048,"181,038"
Washington County,2049,"183,435"
Washington County,2050,"185,819"
Washington County,2051,"188,121"
Washington County,2052,"190,484"
Washington County,2053,"192,812"
Washington County,2054,"195,065"
Washington County,2055,"197,261"
Washington County,2056,"199,091"
Washington County,2057,"200,771"
Washington County,2058,"202,315"
Washington County,2059,"203,849"
Washington County,2060,"205,316"
Washington County,2061,"206,729"
Washington County,2062,"208,159"
Washington County,2063,"209,577"
Washington County,2064,"210,991"
Washington County,2065,"212,398"
Wayne County,2025,"2,557"
Wayne County,2026,"2,573"
Wayne County,2027,"2,584"
Wayne County,2028,"2,598"
Wayne County,2029,"2,607"
Wayne County,2030,"2,615"
Wayne County,2031,"2,618"
Wayne County,2032,"2,621"
Wayne County,2033,"2,629"
Wayne County,2034,"2,637"
Wayne County,2035,"2,620"
Wayne County,2036,"2,616"
Wayne County,2037,"2,614"
Wayne County,2038,"2,613"
Wayne County,2039,"2,618"
Wayne County,2040,"2,618"
Wayne County,2041,"2,615"
Wayne County,2042,"2,613"
Wayne County,2043,"2,618"
Wayne County,2044,"2,620"
Wayne County,2045,"2,622"
Wayne County,2046,"2,625"
Wayne County,2047,"2,633"
Wayne County,2048,"2,635"
Wayne County,2049,"2,644"
Wayne County,2050,"2,653"
Wayne County,2051,"2,660"
Wayne County,2052,"2,670"
Wayne County,2053,"2,676"
Wayne County,2054,"2,687"
Wayne County,2055,"2,691"
Wayne County,2056,"2,690"
Wayne County,2057,"2,689"
Wayne County,2058,"2,686"
Wayne County,2059,"2,684"
Wayne County,2060,"2,684"
Wayne County,2061,"2,681"
Wayne County,2062,"2,680"
Wayne County,2063,"2,682"
Wayne County,2064,"2,681"
Wayne County,2065,"2,680"
Weber County,2025,"167,182"
Weber County,2026,"168,321"
Weber County,2027,"169,576"
Weber County,2028,"170,783"
Weber County,2029,"172,350"
Weber County,2030,"173,997"
Weber County,2031,"175,100"
Weber County,2032,"176,410"
Weber County,2033,"177,830"
Weber County,2034,"180,397"
Weber County,2035,"179,445"
Weber County,2036,"180,651"
Weber County,2037,"182,068"
Weber County,2038,"183,748"
Weber County,2039,"185,479"
Weber County,2040,"187,229"
Weber County,2041,"188,627"
Weber County,2042,"190,205"
Weber County,2043,"191,677"
Weber County,2044,"193,192"
Weber County,2045,"194,842"
Weber County,2046,"196,604"
Weber County,2047,"198,380"
Weber County,2048,"200,231"
Weber County,2049,"202,120"
Weber County,2050,"204,163"
Weber County,2051,"205,805"
Weber County,2052,"207,566"
Weber County,2053,"209,231"
Weber County,2054,"210,836"
Weber County,2055,"212,380"
Weber County,2056,"213,823"
Weber County,2057,"215,111"
Weber County,2058,"216,311"
Weber County,2059,"217,432"
Weber County,2060,"218,603"
Weber County,2061,"219,483"
Weber County,2062,"220,521"
Weber County,2063,"221,566"
Weber County,2064,"222,616"
Weber County,2065,"223,666"
Utah State,2025,"2,503,944"
Utah State,2026,"2,527,562"
Utah State,2027,"2,559,417"
Utah State,2028,"2,582,213"
Utah State,2029,"2,610,425"
Utah State,2030,"2,638,876"
Utah State,2031,"2,660,755"
Utah State,2032,"2,688,452"
Utah State,2033,"2,717,425"
Utah State,2034,"2,762,604"
Utah State,2035,"2,759,714"
Utah State,2036,"2,783,614"
Utah State,2037,"2,813,129"
Utah State,2038,"2,846,574"
Utah State,2039,"2,879,512"
Utah State,2040,"2,912,784"
Utah State,2041,"2,943,238"
Utah State,2042,"2,973,911"
Utah State,2043,"3,005,138"
Utah State,2044,"3,037,356"
Utah State,2045,"3,072,009"
Utah State,2046,"3,107,827"
Utah State,2047,"3,145,337"
Utah State,2048,"3,183,586"
Utah State,2049,"3,222,651"
Utah State,2050,"3,264,044"
Utah State,2051,"3,299,354"
Utah State,2052,"3,335,097"
Utah State,2053,"3,370,770"
Utah State,2054,"3,406,068"
Utah State,2055,"3,441,535"
Utah State,2056,"3,475,945"
Utah State,2057,"3,506,527"
Utah State,2058,"3,536,055"
Utah State,2059,"3,564,775"
Utah State,2060,"3,593,542"
Utah State,2061,"3,620,298"
Utah State,2062,"3,647,700"
Utah State,2063,"3,675,024"
Utah State,2064,"3,702,212"
Utah State,2065,"3,729,317"
