;year,Tel_RETL,Tel_FOOD,Tel_MANU,Tel_WSLE,Tel_OFFI,Tel_GVED,Tel_HLTH,Tel_OTHR,Tel_AGRI,Tel_MING,Tel_CONS,HBJ_RETL,HBJ_FOOD,HBJ_MANU,HBJ_WSLE,HBJ_OFFI,HBJ_GVED,HBJ_HLTH,HBJ_OTHR,HBJ_AGRI,HBJ_MING,HBJ_CONS,HBJ,Telecom,Tot_WAH
2001,0.015,0.014,0.011,0.021,0.039,0.008,0.021,0.035,0.026,0.026,0.018,0.016,0.015,0.013,0.024,0.043,0.009,0.023,0.039,0.029,0.029,0.02,0.0242,0.0219,0.0461
2002,0.015,0.014,0.011,0.021,0.039,0.008,0.021,0.035,0.026,0.026,0.018,0.016,0.015,0.013,0.024,0.043,0.009,0.023,0.038,0.029,0.029,0.02,0.0242,0.0219,0.0461
2003,0.015,0.014,0.011,0.021,0.039,0.008,0.021,0.035,0.026,0.026,0.018,0.016,0.015,0.013,0.024,0.043,0.009,0.023,0.038,0.029,0.029,0.02,0.0242,0.0219,0.0461
2004,0.015,0.014,0.011,0.021,0.039,0.008,0.02,0.035,0.026,0.026,0.018,0.016,0.015,0.012,0.023,0.043,0.009,0.023,0.038,0.029,0.029,0.02,0.0242,0.0219,0.0461
2005,0.015,0.013,0.011,0.021,0.038,0.008,0.02,0.035,0.026,0.026,0.018,0.016,0.015,0.012,0.023,0.042,0.009,0.022,0.038,0.028,0.028,0.02,0.0242,0.0219,0.0461
2006,0.015,0.013,0.011,0.021,0.038,0.008,0.02,0.034,0.026,0.026,0.018,0.016,0.015,0.012,0.023,0.042,0.009,0.022,0.038,0.028,0.028,0.02,0.0242,0.0219,0.0461
2007,0.014,0.013,0.011,0.021,0.038,0.008,0.02,0.034,0.025,0.025,0.018,0.016,0.015,0.012,0.023,0.042,0.009,0.022,0.038,0.028,0.028,0.02,0.0242,0.0219,0.0461
2008,0.014,0.013,0.011,0.021,0.038,0.008,0.02,0.034,0.025,0.025,0.018,0.016,0.015,0.012,0.023,0.042,0.009,0.022,0.037,0.028,0.028,0.02,0.0242,0.0219,0.0461
2009,0.014,0.013,0.011,0.021,0.038,0.008,0.02,0.034,0.025,0.025,0.018,0.016,0.015,0.012,0.023,0.042,0.009,0.022,0.037,0.028,0.028,0.02,0.0242,0.0219,0.0461
2010,0.014,0.013,0.011,0.021,0.038,0.009,0.02,0.034,0.025,0.025,0.018,0.016,0.015,0.012,0.023,0.042,0.009,0.022,0.037,0.028,0.028,0.02,0.0242,0.0219,0.0461
2011,0.015,0.014,0.012,0.023,0.041,0.008,0.021,0.036,0.024,0.024,0.019,0.015,0.014,0.012,0.024,0.042,0.009,0.021,0.036,0.025,0.025,0.019,0.0236,0.0233,0.0469
2012,0.015,0.013,0.013,0.024,0.042,0.008,0.02,0.035,0.025,0.025,0.02,0.015,0.013,0.013,0.023,0.041,0.008,0.019,0.034,0.025,0.025,0.019,0.0227,0.0233,0.046
2013,0.016,0.013,0.015,0.028,0.045,0.01,0.021,0.038,0.023,0.023,0.021,0.014,0.012,0.013,0.024,0.04,0.008,0.018,0.033,0.02,0.02,0.018,0.0222,0.0253,0.0475
2014,0.019,0.014,0.016,0.027,0.046,0.011,0.02,0.04,0.027,0.027,0.021,0.016,0.012,0.014,0.023,0.038,0.009,0.017,0.033,0.023,0.023,0.018,0.0222,0.0266,0.0488
2015,0.02,0.016,0.019,0.029,0.051,0.014,0.022,0.042,0.029,0.029,0.02,0.015,0.012,0.015,0.023,0.04,0.011,0.017,0.033,0.023,0.023,0.016,0.0227,0.029,0.0517
2016,0.021,0.014,0.019,0.029,0.052,0.015,0.022,0.043,0.029,0.029,0.022,0.017,0.011,0.015,0.023,0.041,0.012,0.017,0.034,0.023,0.023,0.018,0.0234,0.0297,0.0531
2017,0.024,0.015,0.02,0.032,0.057,0.016,0.024,0.046,0.029,0.029,0.023,0.019,0.012,0.016,0.025,0.044,0.012,0.018,0.036,0.022,0.022,0.018,0.0251,0.0321,0.0572
2018,0.025,0.017,0.019,0.033,0.061,0.016,0.024,0.049,0.034,0.034,0.025,0.02,0.013,0.015,0.026,0.047,0.013,0.019,0.038,0.027,0.027,0.02,0.0264,0.0339,0.0603
2019,0.028,0.018,0.021,0.033,0.064,0.018,0.027,0.053,0.034,0.034,0.031,0.021,0.013,0.015,0.024,0.047,0.013,0.019,0.038,0.025,0.025,0.023,0.0267,0.0365,0.0632
2020,0.269,0.168,0.199,0.314,0.611,0.169,0.255,0.504,0.322,0.322,0.297,0.046,0.029,0.034,0.054,0.105,0.029,0.044,0.086,0.055,0.055,0.051,0.06,0.35,0.41
2021,0.13,0.081,0.097,0.152,0.297,0.082,0.123,0.245,0.156,0.156,0.144,0.031,0.019,0.023,0.036,0.07,0.019,0.029,0.058,0.037,0.037,0.034,0.04,0.17,0.21
2022,0.088,0.055,0.065,0.103,0.2,0.056,0.083,0.165,0.105,0.105,0.097,0.025,0.016,0.018,0.029,0.057,0.016,0.024,0.047,0.03,0.03,0.028,0.0325,0.115,0.1475
2023,0.07,0.044,0.052,0.082,0.16,0.044,0.067,0.132,0.084,0.084,0.078,0.023,0.014,0.017,0.027,0.052,0.015,0.022,0.043,0.027,0.027,0.025,0.03,0.092,0.122
2024,0.061,0.038,0.045,0.071,0.139,0.039,0.058,0.115,0.073,0.073,0.068,0.023,0.014,0.017,0.027,0.052,0.015,0.022,0.043,0.027,0.027,0.025,0.03,0.08,0.11
2025,0.056,0.035,0.042,0.066,0.128,0.036,0.053,0.106,0.067,0.067,0.062,0.023,0.014,0.017,0.027,0.052,0.015,0.022,0.043,0.027,0.027,0.025,0.03,0.074,0.104
2026,0.054,0.034,0.04,0.063,0.123,0.034,0.051,0.102,0.065,0.065,0.06,0.023,0.014,0.017,0.027,0.052,0.015,0.022,0.043,0.027,0.027,0.025,0.03,0.071,0.101
2027,0.053,0.033,0.039,0.062,0.121,0.034,0.05,0.1,0.064,0.064,0.059,0.023,0.014,0.017,0.027,0.052,0.014,0.022,0.043,0.027,0.027,0.025,0.03,0.07,0.1
2028,0.053,0.033,0.039,0.062,0.121,0.034,0.05,0.1,0.063,0.063,0.059,0.023,0.014,0.017,0.027,0.052,0.014,0.022,0.043,0.027,0.027,0.025,0.03,0.07,0.1
2029,0.053,0.033,0.039,0.062,0.121,0.034,0.05,0.101,0.064,0.064,0.059,0.023,0.014,0.017,0.027,0.052,0.014,0.021,0.043,0.027,0.027,0.025,0.03,0.0705,0.1005
2030,0.054,0.034,0.04,0.064,0.124,0.035,0.051,0.103,0.065,0.065,0.06,0.023,0.014,0.017,0.026,0.052,0.014,0.021,0.043,0.027,0.027,0.025,0.03,0.072,0.102
2031,0.055,0.034,0.041,0.065,0.126,0.035,0.052,0.104,0.066,0.066,0.061,0.023,0.014,0.017,0.026,0.052,0.014,0.021,0.043,0.027,0.027,0.025,0.03,0.0734,0.1034
2032,0.056,0.035,0.042,0.066,0.128,0.036,0.053,0.106,0.067,0.067,0.062,0.023,0.014,0.017,0.026,0.051,0.014,0.021,0.043,0.027,0.027,0.025,0.03,0.0748,0.1048
2033,0.057,0.036,0.042,0.067,0.13,0.036,0.054,0.108,0.068,0.068,0.063,0.023,0.014,0.017,0.026,0.051,0.014,0.021,0.043,0.027,0.027,0.025,0.03,0.0762,0.1062
2034,0.058,0.036,0.043,0.068,0.133,0.037,0.055,0.11,0.07,0.07,0.064,0.022,0.014,0.017,0.026,0.051,0.014,0.021,0.042,0.027,0.027,0.025,0.03,0.0776,0.1076
2035,0.059,0.037,0.044,0.069,0.135,0.038,0.056,0.112,0.071,0.071,0.065,0.022,0.014,0.017,0.026,0.051,0.014,0.021,0.042,0.027,0.027,0.025,0.03,0.079,0.109
2036,0.06,0.037,0.044,0.07,0.137,0.038,0.057,0.114,0.072,0.072,0.066,0.022,0.014,0.017,0.026,0.051,0.014,0.021,0.042,0.027,0.027,0.025,0.03,0.0804,0.1104
2037,0.061,0.038,0.045,0.072,0.139,0.039,0.058,0.115,0.073,0.073,0.067,0.022,0.014,0.017,0.026,0.051,0.014,0.021,0.042,0.027,0.027,0.025,0.03,0.0818,0.1118
2038,0.062,0.039,0.046,0.073,0.141,0.039,0.059,0.117,0.074,0.074,0.069,0.022,0.014,0.017,0.026,0.051,0.014,0.021,0.042,0.027,0.027,0.025,0.03,0.0832,0.1132
2039,0.063,0.039,0.047,0.074,0.143,0.04,0.06,0.119,0.075,0.075,0.07,0.022,0.014,0.017,0.026,0.051,0.014,0.021,0.042,0.027,0.027,0.025,0.03,0.0846,0.1146
2040,0.064,0.04,0.047,0.075,0.146,0.041,0.06,0.121,0.076,0.076,0.071,0.022,0.014,0.016,0.026,0.051,0.014,0.021,0.042,0.027,0.027,0.025,0.03,0.086,0.116
2041,0.065,0.04,0.048,0.076,0.148,0.041,0.061,0.123,0.078,0.078,0.072,0.022,0.014,0.016,0.026,0.051,0.014,0.021,0.042,0.027,0.027,0.025,0.03,0.0874,0.1174
2042,0.066,0.041,0.049,0.077,0.15,0.042,0.062,0.124,0.079,0.079,0.073,0.022,0.014,0.016,0.026,0.051,0.014,0.021,0.042,0.027,0.027,0.025,0.03,0.0888,0.1188
2043,0.067,0.042,0.049,0.078,0.152,0.042,0.063,0.126,0.08,0.08,0.074,0.022,0.014,0.017,0.026,0.051,0.014,0.021,0.042,0.027,0.027,0.025,0.0303,0.0902,0.1205
2044,0.068,0.042,0.05,0.079,0.154,0.043,0.064,0.128,0.081,0.081,0.075,0.023,0.014,0.017,0.027,0.051,0.014,0.021,0.043,0.027,0.027,0.025,0.0306,0.0916,0.1222
2045,0.069,0.043,0.051,0.081,0.156,0.044,0.065,0.13,0.082,0.082,0.076,0.023,0.014,0.017,0.027,0.052,0.014,0.022,0.043,0.027,0.027,0.025,0.0308,0.093,0.1238
2046,0.07,0.043,0.052,0.082,0.159,0.044,0.066,0.132,0.083,0.083,0.077,0.023,0.014,0.017,0.027,0.052,0.015,0.022,0.043,0.027,0.027,0.025,0.0311,0.0944,0.1255
2047,0.071,0.044,0.052,0.083,0.161,0.045,0.067,0.134,0.084,0.084,0.078,0.023,0.014,0.017,0.027,0.053,0.015,0.022,0.044,0.028,0.028,0.026,0.0314,0.0958,0.1272
2048,0.072,0.045,0.053,0.084,0.163,0.045,0.068,0.135,0.085,0.085,0.079,0.023,0.015,0.017,0.027,0.053,0.015,0.022,0.044,0.028,0.028,0.026,0.0317,0.0972,0.1289
2049,0.072,0.045,0.054,0.085,0.165,0.046,0.069,0.137,0.087,0.087,0.08,0.023,0.015,0.017,0.028,0.054,0.015,0.022,0.044,0.028,0.028,0.026,0.0319,0.0986,0.1305
2050,0.073,0.046,0.054,0.086,0.167,0.046,0.069,0.139,0.088,0.088,0.081,0.024,0.015,0.018,0.028,0.054,0.015,0.022,0.045,0.028,0.028,0.026,0.0322,0.1,0.1322
2051,0.075,0.046,0.055,0.088,0.17,0.047,0.071,0.142,0.089,0.089,0.082,0.024,0.015,0.018,0.028,0.054,0.015,0.023,0.045,0.028,0.028,0.026,0.0325,0.1018,0.1343
2052,0.076,0.047,0.056,0.089,0.173,0.048,0.072,0.144,0.091,0.091,0.084,0.024,0.015,0.018,0.028,0.055,0.015,0.023,0.046,0.029,0.029,0.027,0.0328,0.1035,0.1363
2053,0.077,0.048,0.057,0.091,0.176,0.049,0.073,0.146,0.092,0.092,0.085,0.024,0.015,0.018,0.028,0.055,0.015,0.023,0.046,0.029,0.029,0.027,0.0331,0.1053,0.1384
2054,0.078,0.049,0.058,0.092,0.178,0.049,0.074,0.149,0.094,0.094,0.087,0.024,0.015,0.018,0.029,0.056,0.015,0.023,0.046,0.029,0.029,0.027,0.0333,0.107,0.1403
2055,0.08,0.05,0.059,0.094,0.181,0.05,0.075,0.151,0.095,0.095,0.088,0.025,0.015,0.018,0.029,0.056,0.016,0.023,0.047,0.029,0.029,0.027,0.0336,0.1088,0.1424
2056,0.081,0.05,0.06,0.095,0.184,0.051,0.076,0.153,0.096,0.096,0.089,0.025,0.015,0.018,0.029,0.056,0.016,0.023,0.047,0.03,0.03,0.027,0.0339,0.1105,0.1444
2057,0.082,0.051,0.061,0.097,0.187,0.052,0.078,0.156,0.098,0.098,0.091,0.025,0.016,0.018,0.029,0.057,0.016,0.024,0.047,0.03,0.03,0.028,0.0342,0.1123,0.1465
2058,0.083,0.052,0.062,0.098,0.189,0.052,0.079,0.158,0.099,0.099,0.092,0.025,0.016,0.019,0.03,0.057,0.016,0.024,0.048,0.03,0.03,0.028,0.0344,0.114,0.1484
2059,0.084,0.053,0.062,0.1,0.192,0.053,0.08,0.16,0.101,0.101,0.093,0.025,0.016,0.019,0.03,0.058,0.016,0.024,0.048,0.03,0.03,0.028,0.0347,0.1158,0.1505
2060,0.086,0.053,0.063,0.101,0.195,0.054,0.081,0.163,0.102,0.102,0.095,0.026,0.016,0.019,0.03,0.058,0.016,0.024,0.049,0.03,0.03,0.028,0.035,0.1175,0.1525
