CO_FIPS,YEAR,VARIABLE,VALUE
1,2023,AGRI,730
1,2023,CONS,264
1,2023,FOOD,511
1,2023,GVED,750
1,2023,HBJ,244
1,2023,HLTH,148
1,2023,MANU,194
1,2023,MING,101
1,2023,OFFI,129
1,2023,OTHR,906
1,2023,RETL,485
1,2023,WSLE,266
3,2023,AGRI,1579
3,2023,CONS,2678
3,2023,HBJ,190
3,2023,MING,82
5,2023,AGRI,1829
5,2023,CONS,4485
5,2023,FOOD,4710
5,2023,GVED,14346
5,2023,HBJ,2518
5,2023,HLTH,7945
5,2023,MANU,12838
5,2023,MING,153
5,2023,OFFI,9886
5,2023,OTHR,19766
5,2023,RETL,9628
5,2023,WSLE,3985
7,2023,AGRI,426
7,2023,CONS,513
7,2023,FOOD,793
7,2023,GVED,2432
7,2023,HBJ,155
7,2023,HLTH,1249
7,2023,MANU,537
7,2023,MING,632
7,2023,OFFI,409
7,2023,OTHR,2458
7,2023,RETL,1303
7,2023,WSLE,900
9,2023,AGRI,67
9,2023,CONS,13
9,2023,FOOD,116
9,2023,GVED,176
9,2023,HBJ,13
9,2023,HLTH,7
9,2023,MANU,15
9,2023,MING,2
9,2023,OFFI,30
9,2023,OTHR,98
9,2023,RETL,67
9,2023,WSLE,41
11,2023,AGRI,853
11,2023,CONS,14921
11,2023,FOOD,12138
11,2023,GVED,42928
11,2023,HBJ,5888
11,2023,HLTH,18266
11,2023,MANU,14168
11,2023,MING,328
11,2023,OFFI,19224
11,2023,OTHR,57704
11,2023,RETL,21600
11,2023,WSLE,13458
13,2023,AGRI,1271
13,2023,CONS,676
13,2023,FOOD,517
13,2023,GVED,2632
13,2023,HBJ,451
13,2023,HLTH,338
13,2023,MANU,242
13,2023,MING,1878
13,2023,OFFI,715
13,2023,OTHR,2117
13,2023,RETL,1259
13,2023,WSLE,1081
15,2023,AGRI,587
15,2023,CONS,695
15,2023,FOOD,274
15,2023,GVED,831
15,2023,HBJ,99
15,2023,HLTH,227
15,2023,MANU,49
15,2023,MING,407
15,2023,OFFI,359
15,2023,OTHR,982
15,2023,RETL,717
15,2023,WSLE,458
17,2023,AGRI,285
17,2023,CONS,161
17,2023,FOOD,1112
17,2023,GVED,573
17,2023,HBJ,121
17,2023,HLTH,256
17,2023,MANU,53
17,2023,MING,13
17,2023,OFFI,149
17,2023,OTHR,513
17,2023,RETL,290
17,2023,WSLE,139
19,2023,AGRI,101
19,2023,CONS,449
19,2023,FOOD,2502
19,2023,GVED,1207
19,2023,HBJ,535
19,2023,HLTH,590
19,2023,MANU,156
19,2023,MING,114
19,2023,OFFI,530
19,2023,OTHR,1931
19,2023,RETL,984
19,2023,WSLE,377
21,2023,AGRI,1157
21,2023,CONS,3116
21,2023,FOOD,2976
21,2023,GVED,6159
21,2023,HBJ,924
21,2023,HLTH,3050
21,2023,MANU,2769
21,2023,MING,345
21,2023,OFFI,2277
21,2023,OTHR,8196
21,2023,RETL,3753
21,2023,WSLE,1391
23,2023,AGRI,422
23,2023,CONS,564
23,2023,FOOD,369
23,2023,GVED,1051
23,2023,HBJ,312
23,2023,HLTH,650
23,2023,MANU,896
23,2023,MING,85
23,2023,OFFI,386
23,2023,OTHR,928
23,2023,RETL,516
23,2023,WSLE,142
25,2023,AGRI,169
25,2023,CONS,299
25,2023,FOOD,1251
25,2023,GVED,828
25,2023,HBJ,78
25,2023,HLTH,184
25,2023,MANU,164
25,2023,MING,40
25,2023,OFFI,305
25,2023,OTHR,2142
25,2023,RETL,608
25,2023,WSLE,204
27,2023,AGRI,1247
27,2023,CONS,450
27,2023,FOOD,368
27,2023,GVED,1147
27,2023,HBJ,298
27,2023,HLTH,681
27,2023,MANU,280
27,2023,MING,132
27,2023,OFFI,242
27,2023,OTHR,1556
27,2023,RETL,860
27,2023,WSLE,724
29,2023,AGRI,447
29,2023,CONS,796
29,2023,FOOD,227
29,2023,GVED,828
29,2023,HBJ,245
29,2023,HLTH,191
29,2023,MANU,199
29,2023,MING,78
29,2023,OFFI,446
29,2023,OTHR,1989
29,2023,RETL,550
29,2023,WSLE,263
31,2023,AGRI,153
31,2023,CONS,17
31,2023,FOOD,46
31,2023,GVED,128
31,2023,HBJ,47
31,2023,HLTH,46
31,2023,MANU,19
31,2023,MING,24
31,2023,OFFI,23
31,2023,OTHR,118
31,2023,RETL,30
31,2023,WSLE,41
33,2023,AGRI,146
33,2023,CONS,134
33,2023,FOOD,175
33,2023,GVED,225
33,2023,HBJ,212
33,2023,HLTH,65
33,2023,MANU,47
33,2023,MING,27
33,2023,OFFI,87
33,2023,OTHR,592
33,2023,RETL,208
33,2023,WSLE,110
35,2023,AGRI,1249
35,2023,CONS,65638
35,2023,FOOD,60164
35,2023,GVED,147959
35,2023,HBJ,29337
35,2023,HLTH,82044
35,2023,MANU,62950
35,2023,MING,4485
35,2023,OFFI,140448
35,2023,OTHR,273975
35,2023,RETL,87804
35,2023,WSLE,100675
37,2023,AGRI,782
37,2023,CONS,310
37,2023,FOOD,704
37,2023,GVED,1795
37,2023,HBJ,341
37,2023,HLTH,949
37,2023,MANU,114
37,2023,MING,358
37,2023,OFFI,163
37,2023,OTHR,1101
37,2023,RETL,463
37,2023,WSLE,116
39,2023,AGRI,1260
39,2023,CONS,1080
39,2023,FOOD,635
39,2023,GVED,3723
39,2023,HBJ,574
39,2023,HLTH,912
39,2023,MANU,1491
39,2023,MING,123
39,2023,OFFI,827
39,2023,OTHR,2659
39,2023,RETL,1387
39,2023,WSLE,513
41,2023,AGRI,937
41,2023,CONS,725
41,2023,FOOD,1141
41,2023,GVED,2117
41,2023,HBJ,460
41,2023,HLTH,1104
41,2023,MANU,533
41,2023,MING,679
41,2023,OFFI,724
41,2023,OTHR,2150
41,2023,RETL,1778
41,2023,WSLE,1403
43,2023,AGRI,883
43,2023,CONS,3235
43,2023,FOOD,7341
43,2023,GVED,3737
43,2023,HBJ,2534
43,2023,HLTH,2317
43,2023,MANU,1276
43,2023,MING,87
43,2023,OFFI,4947
43,2023,OTHR,18058
43,2023,RETL,4172
43,2023,WSLE,1173
45,2023,AGRI,557
45,2023,CONS,1834
45,2023,FOOD,1909
45,2023,GVED,5623
45,2023,HBJ,568
45,2023,HLTH,2233
45,2023,MANU,2100
45,2023,MING,260
45,2023,OFFI,1398
45,2023,OTHR,6398
45,2023,RETL,3046
45,2023,WSLE,2726
47,2023,AGRI,1316
47,2023,CONS,1731
47,2023,FOOD,1343
47,2023,GVED,3574
47,2023,HBJ,524
47,2023,HLTH,1196
47,2023,MANU,467
47,2023,MING,2199
47,2023,OFFI,840
47,2023,OTHR,3805
47,2023,RETL,2140
47,2023,WSLE,1681
49,2023,AGRI,3739
49,2023,CONS,36369
49,2023,FOOD,25497
49,2023,GVED,64630
49,2023,HBJ,13494
49,2023,HLTH,40228
49,2023,MANU,25135
49,2023,MING,857
49,2023,OFFI,62794
49,2023,OTHR,110231
49,2023,RETL,48822
49,2023,WSLE,20997
51,2023,AGRI,465
51,2023,CONS,2506
51,2023,FOOD,1606
51,2023,GVED,2598
51,2023,HBJ,1474
51,2023,HLTH,1521
51,2023,MANU,669
51,2023,MING,78
51,2023,OFFI,2375
51,2023,OTHR,7624
51,2023,RETL,1925
51,2023,WSLE,728
53,2023,AGRI,710
53,2023,CONS,12142
53,2023,FOOD,10850
53,2023,GVED,12969
53,2023,HBJ,4858
53,2023,HLTH,14637
53,2023,MANU,4421
53,2023,MING,673
53,2023,OFFI,10340
53,2023,OTHR,34668
53,2023,RETL,15666
53,2023,WSLE,8496
55,2023,AGRI,181
55,2023,CONS,259
55,2023,FOOD,330
55,2023,GVED,272
55,2023,HBJ,190
55,2023,HLTH,130
55,2023,MANU,27
55,2023,MING,25
55,2023,OFFI,73
55,2023,OTHR,463
55,2023,RETL,192
55,2023,WSLE,88
57,2023,AGRI,1570
57,2023,CONS,10740
57,2023,HBJ,322
57,2023,MING,205
9003,2023,FOOD,670
9003,2023,GVED,1058
9003,2023,HBJ,425
9003,2023,HLTH,603
9003,2023,MANU,4913
9003,2023,OFFI,363
9003,2023,OTHR,1642
9003,2023,RETL,1020
9003,2023,WSLE,1863
9057,2023,FOOD,134
9057,2023,GVED,689
9057,2023,HBJ,75
9057,2023,HLTH,415
9057,2023,MANU,77
9057,2023,OFFI,283
9057,2023,OTHR,992
9057,2023,RETL,220
9057,2023,WSLE,41
9103,2023,FOOD,1306
9103,2023,GVED,2643
9103,2023,HBJ,721
9103,2023,HLTH,1504
9103,2023,MANU,2985
9103,2023,OFFI,906
9103,2023,OTHR,4098
9103,2023,RETL,1989
9103,2023,WSLE,1132
9157,2023,FOOD,9445
9157,2023,GVED,25830
9157,2023,HBJ,3514
9157,2023,HLTH,15565
9157,2023,MANU,19126
9157,2023,OFFI,10592
9157,2023,OTHR,37164
9157,2023,RETL,15516
9157,2023,WSLE,10204
