CO_FIPS,YEAR,TDM_SECTOR,EMPCOUNT,HBJPCT,HBJ,NONHBJ,CO_NAME
1,2023,AGRI,738,0.011,8,730,BEAVER
1,2023,CONS,278,0.051,14,264,BEAVER
1,2023,FOOD,517,0.012,6,511,BEAVER
1,2023,GVED,810,0.074,60,750,BEAVER
1,2023,HLTH,160,0.074,12,148,BEAVER
1,2023,MANU,223,0.128,29,194,BEAVER
1,2023,MING,102,0.011,1,101,BEAVER
1,2023,OFFI,146,0.114,17,129,BEAVER
1,2023,OTHR,937,0.033,31,906,BEAVER
1,2023,RETL,542,0.105,57,485,BEAVER
1,2023,WSLE,275,0.032,9,266,BEAVER
3,2023,AGRI,1694,0.068,115,1579,BOX ELDER
3,2023,CONS,2747,0.025,69,2678,BOX ELDER
3,2023,FOOD,2000,0.012,24,1976,BOX ELDER
3,2023,GVED,3784,0.022,83,3701,BOX ELDER
3,2023,HLTH,2148,0.019,41,2107,BOX ELDER
3,2023,MANU,8010,0.014,112,7898,BOX ELDER
3,2023,MING,88,0.068,6,82,BOX ELDER
3,2023,OFFI,1364,0.07,95,1269,BOX ELDER
3,2023,OTHR,6315,0.091,575,5740,BOX ELDER
3,2023,RETL,3061,0.017,52,3009,BOX ELDER
3,2023,WSLE,3159,0.052,164,2995,BOX ELDER
5,2023,AGRI,1857,0.015,28,1829,CACHE
5,2023,CONS,4652,0.036,167,4485,CACHE
5,2023,FOOD,4787,0.016,77,4710,CACHE
5,2023,GVED,14654,0.021,308,14346,CACHE
5,2023,HLTH,8115,0.021,170,7945,CACHE
5,2023,MANU,13034,0.015,196,12838,CACHE
5,2023,MING,155,0.015,2,153,CACHE
5,2023,OFFI,10517,0.06,631,9886,CACHE
5,2023,OTHR,20398,0.031,632,19766,CACHE
5,2023,RETL,9824,0.02,196,9628,CACHE
5,2023,WSLE,4096,0.027,111,3985,CACHE
7,2023,AGRI,429,0.008,3,426,CARBON
7,2023,CONS,518,0.01,5,513,CARBON
7,2023,FOOD,798,0.006,5,793,CARBON
7,2023,GVED,2452,0.008,20,2432,CARBON
7,2023,HLTH,1259,0.008,10,1249,CARBON
7,2023,MANU,539,0.004,2,537,CARBON
7,2023,MING,637,0.008,5,632,CARBON
7,2023,OFFI,431,0.051,22,409,CARBON
7,2023,OTHR,2493,0.014,35,2458,CARBON
7,2023,RETL,1321,0.014,18,1303,CARBON
7,2023,WSLE,930,0.032,30,900,CARBON
9,2023,AGRI,68,0.022,1,67,DAGGETT
9,2023,CONS,14,0.08,1,13,DAGGETT
9,2023,FOOD,117,0.005,1,116,DAGGETT
9,2023,GVED,180,0.024,4,176,DAGGETT
9,2023,HLTH,7,0.022,0,7,DAGGETT
9,2023,MANU,15,0.02,0,15,DAGGETT
9,2023,MING,2,0.022,0,2,DAGGETT
9,2023,OFFI,31,0.02,1,30,DAGGETT
9,2023,OTHR,101,0.033,3,98,DAGGETT
9,2023,RETL,68,0.021,1,67,DAGGETT
9,2023,WSLE,42,0.032,1,41,DAGGETT
11,2023,AGRI,882,0.033,29,853,DAVIS
11,2023,CONS,15195,0.018,274,14921,DAVIS
11,2023,FOOD,12261,0.01,123,12138,DAVIS
11,2023,GVED,43984,0.024,1056,42928,DAVIS
11,2023,HLTH,18658,0.021,392,18266,DAVIS
11,2023,MANU,14428,0.018,260,14168,DAVIS
11,2023,MING,339,0.033,11,328,DAVIS
11,2023,OFFI,20451,0.06,1227,19224,DAVIS
11,2023,OTHR,59305,0.027,1601,57704,DAVIS
11,2023,RETL,22041,0.02,441,21600,DAVIS
11,2023,WSLE,13932,0.034,474,13458,DAVIS
13,2023,AGRI,1305,0.026,34,1271,DUCHESNE
13,2023,CONS,698,0.032,22,676,DUCHESNE
13,2023,FOOD,532,0.028,15,517,DUCHESNE
13,2023,GVED,2727,0.035,95,2632,DUCHESNE
13,2023,HLTH,350,0.035,12,338,DUCHESNE
13,2023,MANU,256,0.056,14,242,DUCHESNE
13,2023,MING,1928,0.026,50,1878,DUCHESNE
13,2023,OFFI,776,0.079,61,715,DUCHESNE
13,2023,OTHR,2240,0.055,123,2117,DUCHESNE
13,2023,RETL,1276,0.013,17,1259,DUCHESNE
13,2023,WSLE,1089,0.007,8,1081,DUCHESNE
15,2023,AGRI,603,0.027,16,587,EMERY
15,2023,CONS,706,0.015,11,695,EMERY
15,2023,FOOD,277,0.012,3,274,EMERY
15,2023,GVED,839,0.009,8,831,EMERY
15,2023,HLTH,229,0.007,2,227,EMERY
15,2023,MANU,50,0.02,1,49,EMERY
15,2023,MING,418,0.027,11,407,EMERY
15,2023,OFFI,372,0.035,13,359,EMERY
15,2023,OTHR,997,0.015,15,982,EMERY
15,2023,RETL,721,0.005,4,717,EMERY
15,2023,WSLE,473,0.032,15,458,EMERY
17,2023,AGRI,293,0.027,8,285,GARFIELD
17,2023,CONS,162,0.008,1,161,GARFIELD
17,2023,FOOD,1123,0.01,11,1112,GARFIELD
17,2023,GVED,603,0.049,30,573,GARFIELD
17,2023,HLTH,264,0.032,8,256,GARFIELD
17,2023,MANU,54,0.02,1,53,GARFIELD
17,2023,MING,13,0.027,0,13,GARFIELD
17,2023,OFFI,183,0.187,34,149,GARFIELD
17,2023,OTHR,530,0.033,17,513,GARFIELD
17,2023,RETL,296,0.021,6,290,GARFIELD
17,2023,WSLE,144,0.032,5,139,GARFIELD
19,2023,AGRI,103,0.022,2,101,GRAND
19,2023,CONS,462,0.028,13,449,GRAND
19,2023,FOOD,2512,0.004,10,2502,GRAND
19,2023,GVED,1312,0.08,105,1207,GRAND
19,2023,HLTH,632,0.067,42,590,GRAND
19,2023,MANU,162,0.036,6,156,GRAND
19,2023,MING,117,0.022,3,114,GRAND
19,2023,OFFI,580,0.086,50,530,GRAND
19,2023,OTHR,2202,0.123,271,1931,GRAND
19,2023,RETL,1005,0.021,21,984,GRAND
19,2023,WSLE,389,0.032,12,377,GRAND
21,2023,AGRI,1212,0.045,55,1157,IRON
21,2023,CONS,3232,0.036,116,3116,IRON
21,2023,FOOD,3009,0.011,33,2976,IRON
21,2023,GVED,6304,0.023,145,6159,IRON
21,2023,HLTH,3112,0.02,62,3050,IRON
21,2023,MANU,2791,0.008,22,2769,IRON
21,2023,MING,361,0.045,16,345,IRON
21,2023,OFFI,2410,0.055,133,2277,IRON
21,2023,OTHR,8441,0.029,245,8196,IRON
21,2023,RETL,3814,0.016,61,3753,IRON
21,2023,WSLE,1427,0.025,36,1391,IRON
23,2023,AGRI,485,0.13,63,422,JUAB
23,2023,CONS,566,0.003,2,564,JUAB
23,2023,FOOD,394,0.064,25,369,JUAB
23,2023,GVED,1091,0.037,40,1051,JUAB
23,2023,HLTH,674,0.036,24,650,JUAB
23,2023,MANU,903,0.008,7,896,JUAB
23,2023,MING,98,0.13,13,85,JUAB
23,2023,OFFI,434,0.111,48,386,JUAB
23,2023,OTHR,996,0.068,68,928,JUAB
23,2023,RETL,533,0.031,17,516,JUAB
23,2023,WSLE,147,0.032,5,142,JUAB
25,2023,AGRI,170,0.005,1,169,KANE
25,2023,CONS,306,0.023,7,299,KANE
25,2023,FOOD,1255,0.003,4,1251,KANE
25,2023,GVED,841,0.015,13,828,KANE
25,2023,HLTH,188,0.02,4,184,KANE
25,2023,MANU,166,0.012,2,164,KANE
25,2023,MING,40,0.005,0,40,KANE
25,2023,OFFI,310,0.016,5,305,KANE
25,2023,OTHR,2175,0.015,33,2142,KANE
25,2023,RETL,610,0.003,2,608,KANE
25,2023,WSLE,211,0.032,7,204,KANE
27,2023,AGRI,1292,0.035,45,1247,MILLARD
27,2023,CONS,460,0.022,10,450,MILLARD
27,2023,FOOD,375,0.018,7,368,MILLARD
27,2023,GVED,1180,0.028,33,1147,MILLARD
27,2023,HLTH,696,0.022,15,681,MILLARD
27,2023,MANU,297,0.056,17,280,MILLARD
27,2023,MING,137,0.035,5,132,MILLARD
27,2023,OFFI,269,0.102,27,242,MILLARD
27,2023,OTHR,1652,0.058,96,1556,MILLARD
27,2023,RETL,875,0.017,15,860,MILLARD
27,2023,WSLE,752,0.037,28,724,MILLARD
29,2023,AGRI,457,0.021,10,447,MORGAN
29,2023,CONS,816,0.024,20,796,MORGAN
29,2023,FOOD,230,0.011,3,227,MORGAN
29,2023,GVED,841,0.015,13,828,MORGAN
29,2023,HLTH,194,0.013,3,191,MORGAN
29,2023,MANU,201,0.008,2,199,MORGAN
29,2023,MING,80,0.021,2,78,MORGAN
29,2023,OFFI,491,0.092,45,446,MORGAN
29,2023,OTHR,2111,0.058,122,1989,MORGAN
29,2023,RETL,566,0.028,16,550,MORGAN
29,2023,WSLE,272,0.032,9,263,MORGAN
31,2023,AGRI,156,0.022,3,153,PIUTE
31,2023,CONS,20,0.128,3,17,PIUTE
31,2023,FOOD,48,0.034,2,46,PIUTE
31,2023,GVED,130,0.018,2,128,PIUTE
31,2023,HLTH,47,0.02,1,46,PIUTE
31,2023,MANU,21,0.088,2,19,PIUTE
31,2023,MING,25,0.022,1,24,PIUTE
31,2023,OFFI,25,0.077,2,23,PIUTE
31,2023,OTHR,147,0.198,29,118,PIUTE
31,2023,RETL,31,0.043,1,30,PIUTE
31,2023,WSLE,42,0.032,1,41,PIUTE
33,2023,AGRI,202,0.277,56,146,RICH
33,2023,CONS,142,0.058,8,134,RICH
33,2023,FOOD,209,0.165,34,175,RICH
33,2023,GVED,249,0.097,24,225,RICH
33,2023,HLTH,69,0.051,4,65,RICH
33,2023,MANU,48,0.02,1,47,RICH
33,2023,MING,37,0.277,10,27,RICH
33,2023,OFFI,102,0.144,15,87,RICH
33,2023,OTHR,634,0.066,42,592,RICH
33,2023,RETL,222,0.065,14,208,RICH
33,2023,WSLE,114,0.032,4,110,RICH
35,2023,AGRI,1269,0.016,20,1249,SALT LAKE
35,2023,CONS,66705,0.016,1067,65638,SALT LAKE
35,2023,FOOD,60895,0.012,731,60164,SALT LAKE
35,2023,GVED,151597,0.024,3638,147959,SALT LAKE
35,2023,HLTH,83975,0.023,1931,82044,SALT LAKE
35,2023,MANU,64169,0.019,1219,62950,SALT LAKE
35,2023,MING,4558,0.016,73,4485,SALT LAKE
35,2023,OFFI,148308,0.053,7860,140448,SALT LAKE
35,2023,OTHR,281867,0.028,7892,273975,SALT LAKE
35,2023,RETL,89596,0.02,1792,87804,SALT LAKE
35,2023,WSLE,103789,0.03,3114,100675,SALT LAKE
37,2023,AGRI,808,0.032,26,782,SAN JUAN
37,2023,CONS,317,0.021,7,310,SAN JUAN
37,2023,FOOD,712,0.011,8,704,SAN JUAN
37,2023,GVED,1841,0.025,46,1795,SAN JUAN
37,2023,HLTH,973,0.025,24,949,SAN JUAN
37,2023,MANU,117,0.026,3,114,SAN JUAN
37,2023,MING,370,0.032,12,358,SAN JUAN
37,2023,OFFI,195,0.163,32,163,SAN JUAN
37,2023,OTHR,1270,0.133,169,1101,SAN JUAN
37,2023,RETL,473,0.021,10,463,SAN JUAN
37,2023,WSLE,120,0.032,4,116,SAN JUAN
39,2023,AGRI,1261,0.001,1,1260,SANPETE
39,2023,CONS,1103,0.021,23,1080,SANPETE
39,2023,FOOD,647,0.019,12,635,SANPETE
39,2023,GVED,3826,0.027,103,3723,SANPETE
39,2023,HLTH,935,0.025,23,912,SANPETE
39,2023,MANU,1512,0.014,21,1491,SANPETE
39,2023,MING,123,0.001,0,123,SANPETE
39,2023,OFFI,926,0.107,99,827,SANPETE
39,2023,OTHR,2872,0.074,213,2659,SANPETE
39,2023,RETL,1442,0.038,55,1387,SANPETE
39,2023,WSLE,537,0.045,24,513,SANPETE
41,2023,AGRI,950,0.014,13,937,SEVIER
41,2023,CONS,747,0.03,22,725,SEVIER
41,2023,FOOD,1143,0.002,2,1141,SEVIER
41,2023,GVED,2180,0.029,63,2117,SEVIER
41,2023,HLTH,1142,0.033,38,1104,SEVIER
41,2023,MANU,570,0.065,37,533,SEVIER
41,2023,MING,689,0.014,10,679,SEVIER
41,2023,OFFI,773,0.064,49,724,SEVIER
41,2023,OTHR,2207,0.026,57,2150,SEVIER
41,2023,RETL,1843,0.035,65,1778,SEVIER
41,2023,WSLE,1507,0.069,104,1403,SEVIER
43,2023,AGRI,923,0.043,40,883,SUMMIT
43,2023,CONS,3384,0.044,149,3235,SUMMIT
43,2023,FOOD,7599,0.034,258,7341,SUMMIT
43,2023,GVED,3917,0.046,180,3737,SUMMIT
43,2023,HLTH,2429,0.046,112,2317,SUMMIT
43,2023,MANU,1380,0.075,104,1276,SUMMIT
43,2023,MING,91,0.043,4,87,SUMMIT
43,2023,OFFI,5478,0.097,531,4947,SUMMIT
43,2023,OTHR,18889,0.044,831,18058,SUMMIT
43,2023,RETL,4332,0.037,160,4172,SUMMIT
43,2023,WSLE,1338,0.123,165,1173,SUMMIT
45,2023,AGRI,564,0.013,7,557,TOOELE
45,2023,CONS,1851,0.009,17,1834,TOOELE
45,2023,FOOD,1930,0.011,21,1909,TOOELE
45,2023,GVED,5791,0.029,168,5623,TOOELE
45,2023,HLTH,2312,0.034,79,2233,TOOELE
45,2023,MANU,2117,0.008,17,2100,TOOELE
45,2023,MING,263,0.013,3,260,TOOELE
45,2023,OFFI,1478,0.054,80,1398,TOOELE
45,2023,OTHR,6495,0.015,97,6398,TOOELE
45,2023,RETL,3089,0.014,43,3046,TOOELE
45,2023,WSLE,2762,0.013,36,2726,TOOELE
47,2023,AGRI,1333,0.013,17,1316,UINTAH
47,2023,CONS,1756,0.014,25,1731,UINTAH
47,2023,FOOD,1351,0.006,8,1343,UINTAH
47,2023,GVED,3610,0.01,36,3574,UINTAH
47,2023,HLTH,1211,0.012,15,1196,UINTAH
47,2023,MANU,488,0.044,21,467,UINTAH
47,2023,MING,2228,0.013,29,2199,UINTAH
47,2023,OFFI,981,0.144,141,840,UINTAH
47,2023,OTHR,3879,0.019,74,3805,UINTAH
47,2023,RETL,2175,0.016,35,2140,UINTAH
47,2023,WSLE,1804,0.068,123,1681,UINTAH
49,2023,AGRI,3859,0.031,120,3739,UTAH
49,2023,CONS,36923,0.015,554,36369,UTAH
49,2023,FOOD,25781,0.011,284,25497,UTAH
49,2023,GVED,65949,0.02,1319,64630,UTAH
49,2023,HLTH,41007,0.019,779,40228,UTAH
49,2023,MANU,25700,0.022,565,25135,UTAH
49,2023,MING,884,0.031,27,857,UTAH
49,2023,OFFI,66590,0.057,3796,62794,UTAH
49,2023,OTHR,114585,0.038,4354,110231,UTAH
49,2023,RETL,49869,0.021,1047,48822,UTAH
49,2023,WSLE,21646,0.03,649,20997,UTAH
51,2023,AGRI,520,0.105,55,465,WASATCH
51,2023,CONS,2542,0.014,36,2506,WASATCH
51,2023,FOOD,1634,0.017,28,1606,WASATCH
51,2023,GVED,2701,0.038,103,2598,WASATCH
51,2023,HLTH,1586,0.041,65,1521,WASATCH
51,2023,MANU,743,0.1,74,669,WASATCH
51,2023,MING,87,0.105,9,78,WASATCH
51,2023,OFFI,2607,0.089,232,2375,WASATCH
51,2023,OTHR,8396,0.092,772,7624,WASATCH
51,2023,RETL,1974,0.025,49,1925,WASATCH
51,2023,WSLE,779,0.065,51,728,WASATCH
53,2023,AGRI,747,0.049,37,710,WASHINGTON
53,2023,CONS,12377,0.019,235,12142,WASHINGTON
53,2023,FOOD,11049,0.018,199,10850,WASHINGTON
53,2023,GVED,13302,0.025,333,12969,WASHINGTON
53,2023,HLTH,14982,0.023,345,14637,WASHINGTON
53,2023,MANU,4581,0.035,160,4421,WASHINGTON
53,2023,MING,708,0.049,35,673,WASHINGTON
53,2023,OFFI,11388,0.092,1048,10340,WASHINGTON
53,2023,OTHR,36416,0.048,1748,34668,WASHINGTON
53,2023,RETL,16002,0.021,336,15666,WASHINGTON
53,2023,WSLE,8878,0.043,382,8496,WASHINGTON
55,2023,AGRI,199,0.091,18,181,WAYNE
55,2023,CONS,286,0.095,27,259,WAYNE
55,2023,FOOD,336,0.019,6,330,WAYNE
55,2023,GVED,308,0.118,36,272,WAYNE
55,2023,HLTH,151,0.136,21,130,WAYNE
55,2023,MANU,38,0.294,11,27,WAYNE
55,2023,MING,27,0.091,2,25,WAYNE
55,2023,OFFI,81,0.1,8,73,WAYNE
55,2023,OTHR,517,0.104,54,463,WAYNE
55,2023,RETL,196,0.021,4,192,WAYNE
55,2023,WSLE,91,0.032,3,88,WAYNE
57,2023,AGRI,1612,0.026,42,1570,WEBER
57,2023,CONS,11015,0.025,275,10740,WEBER
57,2023,FOOD,9676,0.01,97,9579,WEBER
57,2023,GVED,27143,0.023,624,26519,WEBER
57,2023,HLTH,16256,0.017,276,15980,WEBER
57,2023,MANU,19515,0.016,312,19203,WEBER
57,2023,MING,210,0.026,5,205,WEBER
57,2023,OFFI,11496,0.054,621,10875,WEBER
57,2023,OTHR,39215,0.027,1059,38156,WEBER
57,2023,RETL,16106,0.023,370,15736,WEBER
57,2023,WSLE,10475,0.022,230,10245,WEBER
