CO_FIPS,YEAR,TDM_VARIABLE,VALUE,CO_NAME
1,2023,TOTPOP,7314,BEAVER
3,2023,TOTPOP,61251,BOX ELDER
5,2023,TOTPOP,141700,CACHE
7,2023,TOTPOP,20654,CARBON
9,2023,TOTPOP,998,DAGGETT
11,2023,TOTPOP,377378,DAVIS
13,2023,TOTPOP,20112,DUCHESNE
15,2023,TOTPOP,10035,EMERY
17,2023,TOTPOP,5141,GARFIELD
19,2023,TOTPOP,9842,GRAND
21,2023,TOTPOP,66044,IRON
23,2023,TOTPOP,12766,JUAB
25,2023,TOTPOP,8387,KANE
27,2023,TOTPOP,13484,MILLARD
29,2023,TOTPOP,13059,MORGAN
31,2023,TOTPOP,1565,PIUTE
33,2023,TOTPOP,2725,RICH
35,2023,TOTPOP,1220554,SALT LAKE
37,2023,TOTPOP,14954,SAN JUAN
39,2023,TOTPOP,30347,SANPETE
41,2023,TOTPOP,22164,SEVIER
43,2023,TOTPOP,43491,SUMMIT
45,2023,TOTPOP,79408,TOOELE
47,2023,TOTPOP,36527,UINTAH
49,2023,TOTPOP,727752,UTAH
51,2023,TOTPOP,37933,WASATCH
53,2023,TOTPOP,198528,WASHINGTON
55,2023,TOTPOP,2523,WAYNE
57,2023,TOTPOP,269811,WEBER
1,2024,TOTPOP,7339,BEAVER
3,2024,TOTPOP,61755,BOX ELDER
5,2024,TOTPOP,143483,CACHE
7,2024,TOTPOP,20442,CARBON
9,2024,TOTPOP,984,DAGGETT
11,2024,TOTPOP,378572,DAVIS
13,2024,TOTPOP,20171,DUCHESNE
15,2024,TOTPOP,9913,EMERY
17,2024,TOTPOP,5115,GARFIELD
19,2024,TOTPOP,9898,GRAND
21,2024,TOTPOP,67897,IRON
23,2024,TOTPOP,13116,JUAB
25,2024,TOTPOP,8364,KANE
27,2024,TOTPOP,13609,MILLARD
29,2024,TOTPOP,13093,MORGAN
31,2024,TOTPOP,1649,PIUTE
33,2024,TOTPOP,2805,RICH
35,2024,TOTPOP,1232666,SALT LAKE
37,2024,TOTPOP,15005,SAN JUAN
39,2024,TOTPOP,30900,SANPETE
41,2024,TOTPOP,21972,SEVIER
43,2024,TOTPOP,43304,SUMMIT
45,2024,TOTPOP,81856,TOOELE
47,2024,TOTPOP,36215,UINTAH
49,2024,TOTPOP,749604,UTAH
51,2024,TOTPOP,38802,WASATCH
53,2024,TOTPOP,204386,WASHINGTON
55,2024,TOTPOP,2543,WAYNE
57,2024,TOTPOP,271382,WEBER
1,2023,GQPOP,300,BEAVER
3,2023,GQPOP,166,BOX ELDER
5,2023,GQPOP,4464,CACHE
7,2023,GQPOP,117,CARBON
9,2023,GQPOP,0,DAGGETT
11,2023,GQPOP,2404,DAVIS
13,2023,GQPOP,88,DUCHESNE
15,2023,GQPOP,58,EMERY
17,2023,GQPOP,205,GARFIELD
19,2023,GQPOP,156,GRAND
21,2023,GQPOP,1700,IRON
23,2023,GQPOP,101,JUAB
25,2023,GQPOP,169,KANE
27,2023,GQPOP,47,MILLARD
29,2023,GQPOP,0,MORGAN
31,2023,GQPOP,0,PIUTE
33,2023,GQPOP,54,RICH
35,2023,GQPOP,18584,SALT LAKE
37,2023,GQPOP,409,SAN JUAN
39,2023,GQPOP,2819,SANPETE
41,2023,GQPOP,283,SEVIER
43,2023,GQPOP,129,SUMMIT
45,2023,GQPOP,299,TOOELE
47,2023,GQPOP,115,UINTAH
49,2023,GQPOP,16936,UTAH
51,2023,GQPOP,212,WASATCH
53,2023,GQPOP,3064,WASHINGTON
55,2023,GQPOP,0,WAYNE
57,2023,GQPOP,3768,WEBER
1,2024,GQPOP,291,BEAVER
3,2024,GQPOP,167,BOX ELDER
5,2024,GQPOP,4533,CACHE
7,2024,GQPOP,118,CARBON
9,2024,GQPOP,0,DAGGETT
11,2024,GQPOP,2447,DAVIS
13,2024,GQPOP,88,DUCHESNE
15,2024,GQPOP,58,EMERY
17,2024,GQPOP,204,GARFIELD
19,2024,GQPOP,156,GRAND
21,2024,GQPOP,1735,IRON
23,2024,GQPOP,101,JUAB
25,2024,GQPOP,168,KANE
27,2024,GQPOP,48,MILLARD
29,2024,GQPOP,0,MORGAN
31,2024,GQPOP,0,PIUTE
33,2024,GQPOP,54,RICH
35,2024,GQPOP,18797,SALT LAKE
37,2024,GQPOP,410,SAN JUAN
39,2024,GQPOP,2862,SANPETE
41,2024,GQPOP,279,SEVIER
43,2024,GQPOP,129,SUMMIT
45,2024,GQPOP,305,TOOELE
47,2024,GQPOP,115,UINTAH
49,2024,GQPOP,17283,UTAH
51,2024,GQPOP,226,WASATCH
53,2024,GQPOP,3147,WASHINGTON
55,2024,GQPOP,0,WAYNE
57,2024,GQPOP,3809,WEBER
1,2023,HHPOP,7014,BEAVER
3,2023,HHPOP,61085,BOX ELDER
5,2023,HHPOP,137236,CACHE
7,2023,HHPOP,20537,CARBON
9,2023,HHPOP,998,DAGGETT
11,2023,HHPOP,374974,DAVIS
13,2023,HHPOP,20024,DUCHESNE
15,2023,HHPOP,9977,EMERY
17,2023,HHPOP,4936,GARFIELD
19,2023,HHPOP,9686,GRAND
21,2023,HHPOP,64344,IRON
23,2023,HHPOP,12665,JUAB
25,2023,HHPOP,8218,KANE
27,2023,HHPOP,13437,MILLARD
29,2023,HHPOP,13059,MORGAN
31,2023,HHPOP,1565,PIUTE
33,2023,HHPOP,2671,RICH
35,2023,HHPOP,1201970,SALT LAKE
37,2023,HHPOP,14545,SAN JUAN
39,2023,HHPOP,27528,SANPETE
41,2023,HHPOP,21881,SEVIER
43,2023,HHPOP,43362,SUMMIT
45,2023,HHPOP,79109,TOOELE
47,2023,HHPOP,36412,UINTAH
49,2023,HHPOP,710816,UTAH
51,2023,HHPOP,37721,WASATCH
53,2023,HHPOP,195464,WASHINGTON
55,2023,HHPOP,2523,WAYNE
57,2023,HHPOP,266043,WEBER
1,2024,HHPOP,7048,BEAVER
3,2024,HHPOP,61588,BOX ELDER
5,2024,HHPOP,138950,CACHE
7,2024,HHPOP,20324,CARBON
9,2024,HHPOP,984,DAGGETT
11,2024,HHPOP,376125,DAVIS
13,2024,HHPOP,20083,DUCHESNE
15,2024,HHPOP,9855,EMERY
17,2024,HHPOP,4911,GARFIELD
19,2024,HHPOP,9742,GRAND
21,2024,HHPOP,66162,IRON
23,2024,HHPOP,13015,JUAB
25,2024,HHPOP,8196,KANE
27,2024,HHPOP,13561,MILLARD
29,2024,HHPOP,13093,MORGAN
31,2024,HHPOP,1649,PIUTE
33,2024,HHPOP,2751,RICH
35,2024,HHPOP,1213869,SALT LAKE
37,2024,HHPOP,14595,SAN JUAN
39,2024,HHPOP,28038,SANPETE
41,2024,HHPOP,21693,SEVIER
43,2024,HHPOP,43175,SUMMIT
45,2024,HHPOP,81551,TOOELE
47,2024,HHPOP,36100,UINTAH
49,2024,HHPOP,732321,UTAH
51,2024,HHPOP,38576,WASATCH
53,2024,HHPOP,201239,WASHINGTON
55,2024,HHPOP,2543,WAYNE
57,2024,HHPOP,267573,WEBER
1,2023,POP0017,2019,BEAVER
3,2023,POP0017,17583,BOX ELDER
5,2023,POP0017,37942,CACHE
7,2023,POP0017,5037,CARBON
9,2023,POP0017,204,DAGGETT
11,2023,POP0017,107307,DAVIS
13,2023,POP0017,6129,DUCHESNE
15,2023,POP0017,2610,EMERY
17,2023,POP0017,1082,GARFIELD
19,2023,POP0017,1940,GRAND
21,2023,POP0017,16979,IRON
23,2023,POP0017,4018,JUAB
25,2023,POP0017,1891,KANE
27,2023,POP0017,3886,MILLARD
29,2023,POP0017,3988,MORGAN
31,2023,POP0017,310,PIUTE
33,2023,POP0017,717,RICH
35,2023,POP0017,287657,SALT LAKE
37,2023,POP0017,3904,SAN JUAN
39,2023,POP0017,6998,SANPETE
41,2023,POP0017,5817,SEVIER
43,2023,POP0017,8955,SUMMIT
45,2023,POP0017,23071,TOOELE
47,2023,POP0017,10741,UINTAH
49,2023,POP0017,214889,UTAH
51,2023,POP0017,10268,WASATCH
53,2023,POP0017,45297,WASHINGTON
55,2023,POP0017,555,WAYNE
57,2023,POP0017,67465,WEBER
1,2024,POP0017,1997,BEAVER
3,2024,POP0017,17341,BOX ELDER
5,2024,POP0017,37244,CACHE
7,2024,POP0017,4897,CARBON
9,2024,POP0017,189,DAGGETT
11,2024,POP0017,104685,DAVIS
13,2024,POP0017,6024,DUCHESNE
15,2024,POP0017,2514,EMERY
17,2024,POP0017,1058,GARFIELD
19,2024,POP0017,1924,GRAND
21,2024,POP0017,17026,IRON
23,2024,POP0017,4042,JUAB
25,2024,POP0017,1838,KANE
27,2024,POP0017,3844,MILLARD
29,2024,POP0017,3810,MORGAN
31,2024,POP0017,325,PIUTE
33,2024,POP0017,731,RICH
35,2024,POP0017,283227,SALT LAKE
37,2024,POP0017,3802,SAN JUAN
39,2024,POP0017,7022,SANPETE
41,2024,POP0017,5615,SEVIER
43,2024,POP0017,8573,SUMMIT
45,2024,POP0017,23297,TOOELE
47,2024,POP0017,10282,UINTAH
49,2024,POP0017,216484,UTAH
51,2024,POP0017,10134,WASATCH
53,2024,POP0017,45577,WASHINGTON
55,2024,POP0017,564,WAYNE
57,2024,POP0017,66423,WEBER
1,2023,POP1864,4185,BEAVER
3,2023,POP1864,35338,BOX ELDER
5,2023,POP1864,89057,CACHE
7,2023,POP1864,11621,CARBON
9,2023,POP1864,534,DAGGETT
11,2023,POP1864,226696,DAVIS
13,2023,POP1864,11268,DUCHESNE
15,2023,POP1864,5537,EMERY
17,2023,POP1864,2771,GARFIELD
19,2023,POP1864,5748,GRAND
21,2023,POP1864,40327,IRON
23,2023,POP1864,7230,JUAB
25,2023,POP1864,4487,KANE
27,2023,POP1864,7117,MILLARD
29,2023,POP1864,7370,MORGAN
31,2023,POP1864,805,PIUTE
33,2023,POP1864,1435,RICH
35,2023,POP1864,780795,SALT LAKE
37,2023,POP1864,8758,SAN JUAN
39,2023,POP1864,18886,SANPETE
41,2023,POP1864,12464,SEVIER
43,2023,POP1864,27083,SUMMIT
45,2023,POP1864,48537,TOOELE
47,2023,POP1864,21137,UINTAH
49,2023,POP1864,454411,UTAH
51,2023,POP1864,22252,WASATCH
53,2023,POP1864,108656,WASHINGTON
55,2023,POP1864,1351,WAYNE
57,2023,POP1864,167187,WEBER
1,2024,POP1864,4210,BEAVER
3,2024,POP1864,35765,BOX ELDER
5,2024,POP1864,91120,CACHE
7,2024,POP1864,11515,CARBON
9,2024,POP1864,529,DAGGETT
11,2024,POP1864,228843,DAVIS
13,2024,POP1864,11358,DUCHESNE
15,2024,POP1864,5463,EMERY
17,2024,POP1864,2756,GARFIELD
19,2024,POP1864,5738,GRAND
21,2024,POP1864,41689,IRON
23,2024,POP1864,7507,JUAB
25,2024,POP1864,4470,KANE
27,2024,POP1864,7205,MILLARD
29,2024,POP1864,7507,MORGAN
31,2024,POP1864,866,PIUTE
33,2024,POP1864,1491,RICH
35,2024,POP1864,791368,SALT LAKE
37,2024,POP1864,8808,SAN JUAN
39,2024,POP1864,19297,SANPETE
41,2024,POP1864,12385,SEVIER
43,2024,POP1864,26790,SUMMIT
45,2024,POP1864,50428,TOOELE
47,2024,POP1864,21128,UINTAH
49,2024,POP1864,472287,UTAH
51,2024,POP1864,22888,WASATCH
53,2024,POP1864,112475,WASHINGTON
55,2024,POP1864,1357,WAYNE
57,2024,POP1864,168564,WEBER
1,2023,POP65P,1110,BEAVER
3,2023,POP65P,8330,BOX ELDER
5,2023,POP65P,14701,CACHE
7,2023,POP65P,3996,CARBON
9,2023,POP65P,260,DAGGETT
11,2023,POP65P,43375,DAVIS
13,2023,POP65P,2715,DUCHESNE
15,2023,POP65P,1888,EMERY
17,2023,POP65P,1288,GARFIELD
19,2023,POP65P,2154,GRAND
21,2023,POP65P,8738,IRON
23,2023,POP65P,1518,JUAB
25,2023,POP65P,2009,KANE
27,2023,POP65P,2481,MILLARD
29,2023,POP65P,1701,MORGAN
31,2023,POP65P,450,PIUTE
33,2023,POP65P,573,RICH
35,2023,POP65P,152102,SALT LAKE
37,2023,POP65P,2292,SAN JUAN
39,2023,POP65P,4463,SANPETE
41,2023,POP65P,3883,SEVIER
43,2023,POP65P,7453,SUMMIT
45,2023,POP65P,7800,TOOELE
47,2023,POP65P,4649,UINTAH
49,2023,POP65P,58452,UTAH
51,2023,POP65P,5413,WASATCH
53,2023,POP65P,44575,WASHINGTON
55,2023,POP65P,617,WAYNE
57,2023,POP65P,35159,WEBER
1,2024,POP65P,1132,BEAVER
3,2024,POP65P,8649,BOX ELDER
5,2024,POP65P,15119,CACHE
7,2024,POP65P,4030,CARBON
9,2024,POP65P,266,DAGGETT
11,2024,POP65P,45044,DAVIS
13,2024,POP65P,2789,DUCHESNE
15,2024,POP65P,1936,EMERY
17,2024,POP65P,1301,GARFIELD
19,2024,POP65P,2236,GRAND
21,2024,POP65P,9182,IRON
23,2024,POP65P,1567,JUAB
25,2024,POP65P,2056,KANE
27,2024,POP65P,2560,MILLARD
29,2024,POP65P,1776,MORGAN
31,2024,POP65P,458,PIUTE
33,2024,POP65P,583,RICH
35,2024,POP65P,158071,SALT LAKE
37,2024,POP65P,2395,SAN JUAN
39,2024,POP65P,4581,SANPETE
41,2024,POP65P,3972,SEVIER
43,2024,POP65P,7941,SUMMIT
45,2024,POP65P,8131,TOOELE
47,2024,POP65P,4805,UINTAH
49,2024,POP65P,60833,UTAH
51,2024,POP65P,5780,WASATCH
53,2024,POP65P,46334,WASHINGTON
55,2024,POP65P,622,WAYNE
57,2024,POP65P,36395,WEBER
1,2023,HH,2381,BEAVER
3,2023,HH,20602,BOX ELDER
5,2023,HH,45994,CACHE
7,2023,HH,7948,CARBON
9,2023,HH,420,DAGGETT
11,2023,HH,122330,DAVIS
13,2023,HH,6777,DUCHESNE
15,2023,HH,3794,EMERY
17,2023,HH,1963,GARFIELD
19,2023,HH,4170,GRAND
21,2023,HH,22269,IRON
23,2023,HH,4093,JUAB
25,2023,HH,3208,KANE
27,2023,HH,4476,MILLARD
29,2023,HH,4333,MORGAN
31,2023,HH,611,PIUTE
33,2023,HH,985,RICH
35,2023,HH,437303,SALT LAKE
37,2023,HH,5396,SAN JUAN
39,2023,HH,9246,SANPETE
41,2023,HH,7598,SEVIER
43,2023,HH,15294,SUMMIT
45,2023,HH,25795,TOOELE
47,2023,HH,12505,UINTAH
49,2023,HH,220334,UTAH
51,2023,HH,13205,WASATCH
53,2023,HH,73168,WASHINGTON
55,2023,HH,955,WAYNE
57,2023,HH,97325,WEBER
1,2024,HH,2410,BEAVER
3,2024,HH,20927,BOX ELDER
5,2024,HH,46967,CACHE
7,2024,HH,7897,CARBON
9,2024,HH,419,DAGGETT
11,2024,HH,124068,DAVIS
13,2024,HH,6843,DUCHESNE
15,2024,HH,3779,EMERY
17,2024,HH,1956,GARFIELD
19,2024,HH,4231,GRAND
21,2024,HH,23055,IRON
23,2024,HH,4227,JUAB
25,2024,HH,3212,KANE
27,2024,HH,4542,MILLARD
29,2024,HH,4414,MORGAN
31,2024,HH,642,PIUTE
33,2024,HH,1022,RICH
35,2024,HH,445859,SALT LAKE
37,2024,HH,5486,SAN JUAN
39,2024,HH,9408,SANPETE
41,2024,HH,7583,SEVIER
43,2024,HH,15422,SUMMIT
45,2024,HH,26788,TOOELE
47,2024,HH,12531,UINTAH
49,2024,HH,228987,UTAH
51,2024,HH,13642,WASATCH
53,2024,HH,75803,WASHINGTON
55,2024,HH,960,WAYNE
57,2024,HH,98675,WEBER
