;Index,CO_FIPS,YEAR,Tel_RETL,Tel_FOOD,Tel_MANU,Tel_WSLE,Tel_OFFI,Tel_GVED,Tel_HLTH,Tel_OTHR,Tel_AGRI,Tel_MING,Tel_CONS,HBJ_RETL,HBJ_FOOD,HBJ_MANU,HBJ_WSLE,HBJ_OFFI,HBJ_GVED,HBJ_HLTH,HBJ_OTHR,HBJ_AGRI,HBJ_MING,HBJ_CONS,HBJ,Telecom,Tot_WAH,CO_NAME
012023,01,2023,0.0444,0.0257,0.0424,0.0456,0.1306,0.0646,0.0474,0.1029,0.0402,0.004,0.0388,0.0259,0.015,0.0247,0.0266,0.0761,0.0376,0.0276,0.0599,0.0234,0.0023,0.0226,0.0339,0.0583,0.0922,"Beaver County, Utah"
032023,03,2023,0.0531,0.0307,0.0507,0.0556,0.1563,0.0732,0.0567,0.1236,0.0454,0.0048,0.0464,0.0229,0.0133,0.0219,0.024,0.0675,0.0316,0.0245,0.0534,0.0196,0.0021,0.02,0.0302,0.0699,0.1001,"Box Elder County, Utah"
052023,05,2023,0.0648,0.0375,0.0619,0.0753,0.1907,0.0914,0.0692,0.1519,0.0529,0.0058,0.0566,0.0178,0.0103,0.017,0.0207,0.0523,0.0251,0.019,0.0417,0.0145,0.0016,0.0155,0.0277,0.101,0.1287,"Cache County, Utah"
072023,07,2023,0.0436,0.0252,0.0416,0.0484,0.1284,0.0625,0.0466,0.0961,0.0321,0.0039,0.0381,0.0254,0.0147,0.0242,0.0282,0.0747,0.0364,0.0271,0.056,0.0187,0.0023,0.0222,0.0339,0.0583,0.0922,"Carbon County, Utah"
092023,09,2023,0.0446,0.0258,0.0425,0.0436,0.1311,0.0651,0.0476,0.0942,0.0425,0.004,0.0389,0.026,0.015,0.0248,0.0254,0.0763,0.0379,0.0277,0.0548,0.0248,0.0023,0.0227,0.0339,0.0583,0.0922,"Daggett County, Utah"
112023,11,2023,0.0847,0.049,0.0808,0.089,0.2491,0.1089,0.0904,0.1969,0.0638,0.0076,0.074,0.0187,0.0108,0.0179,0.0197,0.0551,0.0241,0.02,0.0436,0.0141,0.0017,0.0164,0.0293,0.1323,0.1616,"Davis County, Utah"
132023,13,2023,0.0466,0.027,0.0445,0.046,0.1374,0.0679,0.0498,0.1067,0.0366,0.0042,0.0407,0.0271,0.0157,0.0259,0.0268,0.08,0.0395,0.029,0.0621,0.0213,0.0024,0.0237,0.0339,0.0583,0.0922,"Duchesne County, Utah"
152023,15,2023,0.0446,0.0258,0.0426,0.0416,0.1316,0.0643,0.0477,0.1017,0.0426,0.004,0.039,0.026,0.015,0.0248,0.0242,0.0766,0.0375,0.0278,0.0592,0.0248,0.0023,0.0227,0.0339,0.0583,0.0922,"Emery County, Utah"
172023,17,2023,0.0484,0.028,0.0462,0.0538,0.1429,0.0695,0.0517,0.1046,0.0459,0.0043,0.0423,0.0282,0.0163,0.0269,0.0313,0.0832,0.0405,0.0301,0.0609,0.0267,0.0025,0.0246,0.0339,0.0583,0.0922,"Garfield County, Utah"
192023,19,2023,0.0453,0.0262,0.0432,0.0512,0.1333,0.0642,0.0484,0.0902,0.0433,0.0041,0.0396,0.0264,0.0153,0.0252,0.0298,0.0776,0.0374,0.0282,0.0525,0.0252,0.0024,0.023,0.0339,0.0583,0.0922,"Grand County, Utah"
212023,21,2023,0.0563,0.0326,0.0537,0.0645,0.1657,0.0796,0.0601,0.1308,0.0386,0.005,0.0492,0.0193,0.0112,0.0184,0.0221,0.0568,0.0273,0.0206,0.0449,0.0132,0.0017,0.0169,0.0281,0.0818,0.1099,"Iron County, Utah"
232023,23,2023,0.0438,0.0254,0.0418,0.0513,0.1289,0.0622,0.0468,0.0958,0.0348,0.0039,0.0383,0.0255,0.0148,0.0244,0.0299,0.075,0.0362,0.0272,0.0558,0.0203,0.0023,0.0223,0.0339,0.0583,0.0922,"Juab County, Utah"
252023,25,2023,0.0408,0.0236,0.0389,0.0424,0.12,0.0589,0.0435,0.0841,0.0389,0.0037,0.0356,0.0238,0.0137,0.0227,0.0247,0.0699,0.0343,0.0254,0.049,0.0227,0.0021,0.0207,0.0339,0.0583,0.0922,"Kane County, Utah"
272023,27,2023,0.0425,0.0246,0.0406,0.0443,0.1252,0.0609,0.0454,0.1046,0.0356,0.0038,0.0372,0.0248,0.0143,0.0236,0.0258,0.0729,0.0354,0.0264,0.0609,0.0207,0.0022,0.0216,0.0339,0.0583,0.0922,"Millard County, Utah"
292023,29,2023,0.0365,0.0211,0.0348,0.046,0.1072,0.0509,0.0389,0.085,0.0243,0.0033,0.0319,0.0212,0.0123,0.0203,0.0268,0.0624,0.0296,0.0227,0.0495,0.0142,0.0019,0.0185,0.0339,0.0583,0.0922,"Morgan County, Utah"
312023,31,2023,0.0427,0.0247,0.0408,0.0431,0.1259,0.0613,0.0456,0.0999,0.0408,0.0038,0.0373,0.0249,0.0144,0.0237,0.0251,0.0733,0.0357,0.0266,0.0582,0.0237,0.0022,0.0217,0.0339,0.0583,0.0922,"Piute County, Utah"
332023,33,2023,0.0386,0.0223,0.0368,0.0382,0.1137,0.0547,0.0412,0.0921,0.0369,0.0035,0.0337,0.0225,0.013,0.0215,0.0222,0.0662,0.0319,0.024,0.0536,0.0215,0.002,0.0196,0.0339,0.0583,0.0922,"Rich County, Utah"
352023,35,2023,0.0876,0.0507,0.0836,0.0991,0.2579,0.1203,0.0935,0.2165,0.0542,0.0079,0.0765,0.0168,0.0097,0.016,0.019,0.0494,0.023,0.0179,0.0414,0.0104,0.0015,0.0147,0.0285,0.1487,0.1772,"Salt Lake County, Utah"
372023,37,2023,0.0472,0.0273,0.045,0.0531,0.1388,0.068,0.0504,0.0923,0.0406,0.0042,0.0412,0.0275,0.0159,0.0262,0.031,0.0809,0.0396,0.0293,0.0537,0.0236,0.0025,0.024,0.0339,0.0583,0.0922,"San Juan County, Utah"
392023,39,2023,0.0408,0.0236,0.0389,0.0474,0.1203,0.058,0.0436,0.0945,0.0327,0.0037,0.0357,0.0238,0.0138,0.0227,0.0276,0.07,0.0338,0.0254,0.055,0.019,0.0021,0.0208,0.0339,0.0583,0.0922,"Sanpete County, Utah"
412023,41,2023,0.0457,0.0264,0.0436,0.0472,0.1343,0.0658,0.0488,0.1007,0.0349,0.0041,0.0399,0.0266,0.0154,0.0254,0.0275,0.0782,0.0383,0.0284,0.0586,0.0203,0.0024,0.0232,0.0339,0.0583,0.0922,"Sevier County, Utah"
432023,43,2023,0.1133,0.0656,0.1081,0.1391,0.3334,0.1524,0.1209,0.2389,0.0764,0.0102,0.099,0.0392,0.0227,0.0374,0.0481,0.1152,0.0527,0.0418,0.0825,0.0264,0.0035,0.0342,0.0622,0.1801,0.2423,"Summit County, Utah"
452023,45,2023,0.0797,0.0461,0.0761,0.0762,0.2346,0.1099,0.0851,0.1825,0.076,0.0071,0.0697,0.0168,0.0097,0.016,0.016,0.0493,0.0231,0.0179,0.0384,0.016,0.0015,0.0147,0.0238,0.1133,0.1371,"Tooele County, Utah"
472023,47,2023,0.0459,0.0266,0.0438,0.0484,0.1353,0.0653,0.049,0.1049,0.0406,0.0041,0.0401,0.0267,0.0155,0.0255,0.0282,0.0788,0.038,0.0286,0.0611,0.0236,0.0024,0.0234,0.0339,0.0583,0.0922,"Uintah County, Utah"
492023,49,2023,0.0861,0.0498,0.0822,0.0988,0.2537,0.1093,0.0919,0.2053,0.0672,0.0077,0.0752,0.0179,0.0104,0.0171,0.0206,0.0528,0.0228,0.0191,0.0428,0.014,0.0016,0.0157,0.0296,0.1419,0.1715,"Utah County, Utah"
512023,51,2023,0.0777,0.045,0.0741,0.0891,0.2284,0.1059,0.0829,0.1823,0.0672,0.007,0.0679,0.0294,0.017,0.028,0.0337,0.0864,0.0401,0.0314,0.069,0.0254,0.0026,0.0257,0.0498,0.1317,0.1815,"Wasatch County, Utah"
532023,53,2023,0.059,0.0342,0.0563,0.0629,0.1737,0.0809,0.063,0.1403,0.0436,0.0053,0.0516,0.0254,0.0147,0.0243,0.0271,0.0749,0.0349,0.0272,0.0605,0.0188,0.0023,0.0222,0.0394,0.0914,0.1308,"Washington County, Utah"
552023,55,2023,0.0435,0.0252,0.0415,0.0481,0.128,0.0632,0.0464,0.0985,0.0415,0.0039,0.038,0.0253,0.0147,0.0242,0.028,0.0746,0.0368,0.027,0.0573,0.0242,0.0023,0.0221,0.0339,0.0583,0.0922,"Wayne County, Utah"
572023,57,2023,0.077,0.0446,0.0735,0.09,0.2266,0.1087,0.0822,0.1799,0.055,0.0069,0.0673,0.0177,0.0102,0.0169,0.0206,0.052,0.0249,0.0189,0.0412,0.0126,0.0016,0.0154,0.0265,0.1157,0.1422,"Weber County, Utah"
10492023,1049,2023,0.0805,0.0466,0.0768,0.0901,0.2369,0.1088,0.0859,0.1927,0.064,0.0072,0.0703,0.0186,0.0108,0.0178,0.0208,0.0548,0.0252,0.0199,0.0446,0.0148,0.0017,0.0163,0.03,0.1299,0.1599,Utah
