Year,HHPCT_WF,HHPCT_UDOT,POPPCT_WF,POPPCT_UDOT,OFFI_PCT_WF,OFFI_PCT_UDOT,RETL_PCT_WF,RETL_PCT_UDOT,IND_PCT_WF,IND_PCT_UDOT,TOTALEMP_PCT_UDOT
2023,0.541,0.459,0.530,0.470,0.714,0.286,0.661,0.339,0.378,0.622,0.463
2024,0.541,0.459,0.529,0.471,0.713,0.287,0.665,0.335,0.381,0.619,0.461
2025,0.540,0.460,0.528,0.472,0.713,0.287,0.668,0.332,0.383,0.617,0.459
2026,0.539,0.461,0.528,0.472,0.713,0.287,0.671,0.329,0.386,0.614,0.458
2027,0.539,0.461,0.527,0.473,0.713,0.287,0.673,0.327,0.388,0.612,0.456
2028,0.538,0.462,0.526,0.474,0.713,0.287,0.676,0.324,0.390,0.610,0.454
2029,0.537,0.463,0.525,0.475,0.713,0.287,0.679,0.321,0.392,0.608,0.453
2030,0.537,0.463,0.524,0.476,0.713,0.287,0.681,0.319,0.395,0.605,0.451
2031,0.536,0.464,0.524,0.476,0.713,0.287,0.684,0.316,0.397,0.603,0.450
2032,0.536,0.464,0.523,0.477,0.713,0.287,0.686,0.314,0.399,0.601,0.448
2033,0.535,0.465,0.522,0.478,0.713,0.287,0.688,0.312,0.401,0.599,0.447
2034,0.535,0.465,0.522,0.478,0.713,0.287,0.691,0.309,0.401,0.599,0.446
2035,0.534,0.466,0.521,0.479,0.713,0.287,0.693,0.307,0.401,0.599,0.445
2036,0.534,0.466,0.520,0.480,0.712,0.288,0.695,0.305,0.401,0.599,0.443
2037,0.533,0.467,0.520,0.480,0.712,0.288,0.697,0.303,0.401,0.599,0.442
2038,0.533,0.467,0.519,0.481,0.712,0.288,0.699,0.301,0.401,0.599,0.441
2039,0.532,0.468,0.518,0.482,0.712,0.288,0.701,0.299,0.401,0.599,0.440
2040,0.532,0.468,0.518,0.482,0.712,0.288,0.703,0.297,0.401,0.599,0.439
2041,0.531,0.469,0.517,0.483,0.712,0.288,0.704,0.296,0.401,0.599,0.438
2042,0.531,0.469,0.516,0.484,0.712,0.288,0.706,0.294,0.401,0.599,0.437
2043,0.530,0.470,0.516,0.484,0.712,0.288,0.708,0.292,0.401,0.599,0.436
2044,0.530,0.470,0.515,0.485,0.712,0.288,0.709,0.291,0.401,0.599,0.435
2045,0.529,0.471,0.515,0.485,0.712,0.288,0.711,0.289,0.401,0.599,0.434
2046,0.529,0.471,0.514,0.486,0.712,0.288,0.713,0.287,0.401,0.599,0.433
2047,0.529,0.471,0.514,0.486,0.712,0.288,0.714,0.286,0.401,0.599,0.432
2048,0.528,0.472,0.513,0.487,0.712,0.288,0.716,0.284,0.401,0.599,0.431
2049,0.528,0.472,0.513,0.487,0.712,0.288,0.717,0.283,0.401,0.599,0.430
2050,0.527,0.473,0.512,0.488,0.712,0.288,0.718,0.282,0.401,0.599,0.429
2051,0.527,0.473,0.512,0.488,0.712,0.288,0.720,0.280,0.401,0.599,0.429
2052,0.527,0.473,0.511,0.489,0.712,0.288,0.721,0.279,0.401,0.599,0.428
2053,0.526,0.474,0.511,0.489,0.712,0.288,0.722,0.278,0.401,0.599,0.427
2054,0.526,0.474,0.510,0.490,0.712,0.288,0.724,0.276,0.401,0.599,0.426
2055,0.526,0.474,0.510,0.490,0.711,0.289,0.725,0.275,0.401,0.599,0.426
2056,0.525,0.475,0.509,0.491,0.711,0.289,0.726,0.274,0.401,0.599,0.425
2057,0.525,0.475,0.509,0.491,0.711,0.289,0.727,0.273,0.401,0.599,0.424
2058,0.524,0.476,0.508,0.492,0.711,0.289,0.728,0.272,0.401,0.599,0.424
2059,0.524,0.476,0.508,0.492,0.711,0.289,0.730,0.270,0.401,0.599,0.423
2060,0.524,0.476,0.508,0.492,0.711,0.289,0.731,0.269,0.401,0.599,0.422
2061,0.524,0.476,0.507,0.493,0.711,0.289,0.732,0.268,0.401,0.599,0.422
2062,0.523,0.477,0.507,0.493,0.711,0.289,0.733,0.267,0.401,0.599,0.421
2063,0.523,0.477,0.506,0.494,0.711,0.289,0.734,0.266,0.401,0.599,0.420
2064,0.523,0.477,0.506,0.494,0.711,0.289,0.735,0.265,0.401,0.599,0.420
2065,0.522,0.478,0.505,0.495,0.711,0.289,0.736,0.264,0.401,0.599,0.419