Year,HHPCT_WF,HHPCT_UDOT,POPPCT_WF,POPPCT_UDOT,OFFI_PCT_WF,OFFI_PCT_UDOT,RETL_PCT_WF,RETL_PCT_UDOT,IND_PCT_WF,IND_PCT_UDOT,TOTAL_PCT_WF,TOTAL_PCT_UDOT
2023,0.966,0.034,0.968,0.032,0.974,0.026,0.986,0.014,0.996,0.004,0.982,0.018
2024,0.965,0.035,0.968,0.032,0.974,0.026,0.987,0.013,0.996,0.004,0.982,0.018
2025,0.965,0.035,0.968,0.032,0.973,0.027,0.987,0.013,0.996,0.004,0.981,0.019
2026,0.965,0.035,0.968,0.032,0.973,0.027,0.988,0.012,0.995,0.005,0.981,0.019
2027,0.965,0.035,0.968,0.032,0.972,0.028,0.989,0.011,0.995,0.005,0.981,0.019
2028,0.965,0.035,0.968,0.032,0.972,0.028,0.989,0.011,0.995,0.005,0.981,0.019
2029,0.965,0.035,0.968,0.032,0.972,0.028,0.99,0.01,0.995,0.005,0.981,0.019
2030,0.964,0.036,0.968,0.032,0.971,0.029,0.99,0.01,0.995,0.005,0.981,0.019
2031,0.964,0.036,0.968,0.032,0.971,0.029,0.991,0.009,0.995,0.005,0.981,0.019
2032,0.964,0.036,0.968,0.032,0.97,0.03,0.991,0.009,0.995,0.005,0.98,0.02
2033,0.964,0.036,0.968,0.032,0.97,0.03,0.992,0.008,0.995,0.005,0.98,0.02
2034,0.964,0.036,0.968,0.032,0.969,0.031,0.992,0.008,0.995,0.005,0.98,0.02
2035,0.964,0.036,0.968,0.032,0.969,0.031,0.992,0.008,0.995,0.005,0.98,0.02
2036,0.964,0.036,0.968,0.032,0.969,0.031,0.993,0.007,0.995,0.005,0.98,0.02
2037,0.963,0.037,0.968,0.032,0.968,0.032,0.993,0.007,0.995,0.005,0.98,0.02
2038,0.963,0.037,0.968,0.032,0.968,0.032,0.994,0.006,0.995,0.005,0.98,0.02
2039,0.963,0.037,0.968,0.032,0.968,0.032,0.994,0.006,0.995,0.005,0.98,0.02
2040,0.963,0.037,0.968,0.032,0.967,0.033,0.994,0.006,0.995,0.005,0.979,0.021
2041,0.963,0.037,0.968,0.032,0.967,0.033,0.995,0.005,0.994,0.006,0.979,0.021
2042,0.963,0.037,0.968,0.032,0.967,0.033,0.995,0.005,0.994,0.006,0.979,0.021
2043,0.963,0.037,0.968,0.032,0.967,0.033,0.996,0.004,0.994,0.006,0.979,0.021
2044,0.963,0.037,0.968,0.032,0.966,0.034,0.996,0.004,0.994,0.006,0.979,0.021
2045,0.963,0.037,0.968,0.032,0.966,0.034,0.996,0.004,0.994,0.006,0.979,0.021
2046,0.962,0.038,0.968,0.032,0.966,0.034,0.997,0.003,0.994,0.006,0.979,0.021
2047,0.962,0.038,0.967,0.033,0.965,0.035,0.997,0.003,0.994,0.006,0.979,0.021
2048,0.962,0.038,0.967,0.033,0.965,0.035,0.997,0.003,0.994,0.006,0.979,0.021
2049,0.962,0.038,0.967,0.033,0.965,0.035,0.998,0.002,0.994,0.006,0.979,0.021
2050,0.962,0.038,0.967,0.033,0.965,0.035,0.998,0.002,0.994,0.006,0.979,0.021
2051,0.962,0.038,0.967,0.033,0.964,0.036,0.998,0.002,0.994,0.006,0.978,0.022
2052,0.962,0.038,0.967,0.033,0.964,0.036,0.999,0.001,0.994,0.006,0.978,0.022
2053,0.962,0.038,0.967,0.033,0.964,0.036,0.999,0.001,0.994,0.006,0.978,0.022
2054,0.962,0.038,0.967,0.033,0.964,0.036,0.999,0.001,0.994,0.006,0.978,0.022
2055,0.962,0.038,0.967,0.033,0.964,0.036,0.999,0.001,0.994,0.006,0.978,0.022
2056,0.961,0.039,0.967,0.033,0.963,0.037,0.999,0.001,0.994,0.006,0.978,0.022
2057,0.961,0.039,0.967,0.033,0.963,0.037,0.999,0.001,0.994,0.006,0.978,0.022
2058,0.961,0.039,0.967,0.033,0.963,0.037,0.999,0.001,0.994,0.006,0.978,0.022
2059,0.961,0.039,0.967,0.033,0.963,0.037,0.999,0.001,0.994,0.006,0.978,0.022
2060,0.961,0.039,0.967,0.033,0.963,0.037,0.999,0.001,0.994,0.006,0.978,0.022
2061,0.961,0.039,0.967,0.033,0.962,0.038,0.999,0.001,0.994,0.006,0.978,0.022
2062,0.961,0.039,0.967,0.033,0.962,0.038,0.999,0.001,0.994,0.006,0.978,0.022
2063,0.961,0.039,0.967,0.033,0.962,0.038,0.999,0.001,0.994,0.006,0.978,0.022
2064,0.961,0.039,0.967,0.033,0.962,0.038,0.999,0.001,0.994,0.006,0.978,0.022
2065,0.961,0.039,0.967,0.033,0.962,0.038,0.999,0.001,0.994,0.006,0.978,0.022
