;INDEX,CO_FIPS,YEAR,TOTPOP,GQPOP,HHPOP,HH,HHSIZE,POP0017,POP1864,POP65P,ALLEMP,RETL,FOOD,MANU,WSLE,OFFI,GVED,HLTH,OTHR,AGRI,MING,CONS,HBJ,Job_HH,WrkPop_Job,CO_NAME,Urban_Rural,Subarea
12023,1,2023,7314,299,7015,2280,3.08,1942,4239,1133,4243,485,511,194,266,129,750,148,906,730,101,264,244,1.86,1.0,BEAVER,Rural,0 - UDOT (Rural)
32023,3,2023,0,0,0,0,0.0,0,0,0,4529,0,0,0,0,0,0,0,0,1579,82,2678,190,inf,0.0,BOX ELDER,Rural,0 - UDOT (Rural)
52023,5,2023,141700,4467,137233,44622,3.08,35465,90994,15241,82461,9628,4710,12838,3985,9886,14346,7945,19766,1829,153,4485,2518,1.85,1.1,CACHE,Urban,2 - Cache
72023,7,2023,20654,116,20538,7861,2.61,4829,11702,4123,10504,1303,793,537,900,409,2432,1249,2458,426,632,513,155,1.34,1.11,CARBON,Rural,0 - UDOT (Rural)
92023,9,2023,998,0,998,405,2.46,181,532,285,578,67,116,15,41,30,176,7,98,67,2,13,13,1.43,0.92,DAGGETT,Rural,0 - UDOT (Rural)
112023,11,2023,377378,2429,374949,120087,3.12,101351,229841,46186,199876,21600,12138,14168,13458,19224,42928,18266,57704,853,328,14921,5888,1.66,1.15,DAVIS,Urban,1 - Wasatch Front
132023,13,2023,20112,87,20025,6560,3.05,5844,11414,2854,11918,1259,517,242,1081,715,2632,338,2117,1271,1878,676,451,1.82,0.96,DUCHESNE,Rural,0 - UDOT (Rural)
152023,15,2023,10035,58,9977,3756,2.66,2407,5675,1953,4968,717,274,49,458,359,831,227,982,587,407,695,99,1.32,1.14,EMERY,Rural,0 - UDOT (Rural)
172023,17,2023,5141,204,4937,1877,2.63,1043,2746,1352,3375,290,1112,53,139,149,573,256,513,285,13,161,121,1.8,0.81,GARFIELD,Rural,0 - UDOT (Rural)
192023,19,2023,9842,156,9686,3984,2.43,1868,5675,2299,8492,984,2502,156,377,530,1207,590,1931,101,114,449,535,2.13,0.67,GRAND,Rural,0 - UDOT (Rural)
212023,21,2023,66044,1693,64351,21467,3.0,16118,40753,9173,32360,3753,2976,2769,1391,2277,6159,3050,8196,1157,345,3116,924,1.51,1.26,IRON,Rural,5 - Iron
232023,23,2023,12766,101,12665,3975,3.19,3871,7348,1547,5805,516,369,896,142,386,1051,650,928,422,85,564,312,1.46,1.27,JUAB,Rural,0 - UDOT (Rural)
252023,25,2023,8387,168,8219,3104,2.65,1806,4473,2108,5664,608,1251,164,204,305,828,184,2142,169,40,299,78,1.82,0.79,KANE,Rural,0 - UDOT (Rural)
272023,27,2023,13484,185,13299,4370,3.04,3728,7179,2577,7125,860,368,280,724,242,1147,681,1556,1247,132,450,298,1.63,1.01,MILLARD,Rural,0 - UDOT (Rural)
292023,29,2023,13059,0,13059,4211,3.1,3612,7604,1843,5709,550,227,199,263,446,828,191,1989,447,78,796,245,1.36,1.33,MORGAN,Rural,0 - UDOT (Rural)
312023,31,2023,1565,0,1565,605,2.59,303,823,439,662,30,46,19,41,23,128,46,118,153,24,17,47,1.09,1.24,PIUTE,Rural,0 - UDOT (Rural)
332023,33,2023,2725,54,2671,958,2.79,686,1462,577,1820,208,175,47,110,87,225,65,592,146,27,134,212,1.9,0.8,RICH,Rural,0 - UDOT (Rural)
352023,35,2023,1220554,18582,1201972,428373,2.81,272699,786677,161178,968924,87804,60164,62950,100675,140448,147959,82044,273975,1249,4485,65638,29337,2.26,0.81,SALT LAKE,Urban,1 - Wasatch Front
372023,37,2023,14954,409,14545,5167,2.81,3655,8805,2494,6733,463,704,114,116,163,1795,949,1101,782,358,310,341,1.3,1.31,SAN JUAN,Rural,0 - UDOT (Rural)
392023,39,2023,30347,2808,27539,9226,2.98,6792,19005,4550,13797,1387,635,1491,513,827,3723,912,2659,1260,123,1080,574,1.5,1.38,SANPETE,Rural,0 - UDOT (Rural)
412023,41,2023,22164,281,21883,7586,2.88,5560,12483,4121,11973,1778,1141,533,1403,724,2117,1104,2150,937,679,725,460,1.58,1.04,SEVIER,Rural,0 - UDOT (Rural)
432023,43,2023,43491,129,43362,14382,3.02,8314,26756,8421,45588,4172,7341,1276,1173,4947,3737,2317,18058,883,87,3235,2534,3.17,0.59,SUMMIT,Rural,4 - Summit-Wasatch
452023,45,2023,79408,298,79110,24833,3.19,22072,49262,8074,25606,3046,1909,2100,2726,1398,5623,2233,6398,557,260,1834,568,1.03,1.92,TOOELE,Rural,0 - UDOT (Rural)
472023,47,2023,36527,115,36412,12148,3.0,10050,21521,4956,18676,2140,1343,467,1681,840,3574,1196,3805,1316,2199,1731,524,1.54,1.15,UINTAH,Rural,0 - UDOT (Rural)
492023,49,2023,727752,16935,710817,211379,3.36,205109,462766,59877,403971,48822,25497,25135,20997,62794,64630,40228,110231,3739,857,36369,13494,1.91,1.15,UTAH,Urban,1 - Wasatch Front
512023,51,2023,37933,216,37717,12556,3.0,9560,22420,5953,21644,1925,1606,669,728,2375,2598,1521,7624,465,78,2506,1474,1.72,1.04,WASATCH,Rural,4 - Summit-Wasatch
532023,53,2023,198528,3086,195442,70844,2.76,42893,109262,46373,114764,15666,10850,4421,8496,10340,12969,14637,34668,710,673,12142,4858,1.62,0.95,WASHINGTON,Urban,3 - Dixie
552023,55,2023,2523,0,2523,947,2.66,559,1330,634,2038,192,330,27,88,73,272,130,463,181,25,259,190,2.15,0.65,WAYNE,Rural,0 - UDOT (Rural)
572023,57,2023,0,0,0,0,0.0,0,0,0,12837,0,0,0,0,0,0,0,0,1570,205,10740,322,inf,0.0,WEBER,Urban,1 - Wasatch Front
10492023,1049,2023,3456447,56815,3399632,1142068,2.98,853666,2156409,446372,2197618,228998,151160,158910,175416,272270,355458,199251,607024,25118,14470,166800,71741,1.92,0.98,STATE OF UTAH,State,6 - State
90572023,9057,2023,8634,121,8513,3212,2.65,2065,5378,1191,2706,220,134,77,41,283,689,415,992,0,0,0,75,0.84,1.99,WEBER - OGDEN VALLEY,Rural,0 - UDOT (Rural)
91572023,9157,2023,261177,3652,257525,91269,2.82,62473,162681,36023,131440,15516,9445,19126,10204,10592,25830,15565,37164,0,0,0,3514,1.44,1.24,WEBER - WFRC,Urban,1 - Wasatch Front
