TripCategory,HBWtrip,HBWabs,HBWrel,HBCtrip,HBCabs,HBCrel,HBOtrip,HBOabs,HBOrel,NHBtrip,NHBabs,NHBrel,HBSchtrip,HBSchabs,HBSchrel,TOTtrip,TOTabs,TOTrel,
1) Total Trips,    654831, 100.00, 100.00,         0, 100.00, 100.00,   3087899, 100.00, 100.00,   1684856, 100.00, 100.00,    211141, 100.00, 100.00,   5638728, 100.00, 100.00,
    2) Non-Motorized,     35324,   5.39,   5.39,         0,      0,      0,    368928,  11.95,  11.95,    116487,   6.91,   6.91,     88808,  42.06,  42.06,    609547,  10.81,  10.81,
    2) Motorized,    619507,  94.61,  94.61,         0,      0,      0,   2718971,  88.05,  88.05,   1568369,  93.09,  93.09,    122333,  57.94,  57.94,   5029181,  89.19,  89.19
        3) Auto,    601000,  91.78,  97.01,         0,      0,      0,   2693602,  87.23,  99.07,   1557602,  92.45,  99.31,-,-,-,   4974537,  88.22,  98.91,
            4) Auto 1 pers,    519356,  79.31,  86.42,         0,      0,      0,    937066,  30.35,  34.79,    658529,  39.09,  42.28,-,-,-,   2114951,  37.51,  42.52,
                    GP use,    516519,  78.88,  99.45,         0,      0,      0,    936011,  30.31,  99.89,    655682,  38.92,  99.57,-,-,-,   2108211,  37.39,  99.68,
                    Toll use,      2836,   0.43,   0.55,         0,      0,      0,      1057,   0.03,   0.11,      2847,   0.17,   0.43,-,-,-,      6740,   0.12,   0.32
            4) Auto 2 pers,     55316,   8.45,   9.20,         0,      0,      0,    695008,  22.51,  25.80,    403616,  23.96,  25.91,-,-,-,   1153939,  20.46,  23.20,
                    GP use,     41642,   6.36,  75.28,         0,      0,      0,    660366,  21.39,  95.02,    365536,  21.70,  90.57,-,-,-,   1067544,  18.93,  92.51,
                    HOV use,     13673,   2.09,  24.72,         0,      0,      0,     34642,   1.12,   4.98,     38082,   2.26,   9.44,-,-,-,     86398,   1.53,   7.49,
                    Toll use,         0,      0,      0,         0,      0,      0,         0,      0,      0,         0,      0,      0,-,-,-,         0,      0,      0
            4) Auto 3+pers,     26321,   4.02,   4.38,         0,      0,      0,   1061512,  34.38,  39.41,    495442,  29.41,  31.81,-,-,-,   1583274,  28.08,  31.83,
                    GP use,     19821,   3.03,  75.31,         0,      0,      0,   1008605,  32.66,  95.02,    448697,  26.63,  90.56,-,-,-,   1477123,  26.20,  93.30,
                    HOV use,      6506,   0.99,  24.72,         0,      0,      0,     52911,   1.71,   4.98,     46747,   2.77,   9.44,-,-,-,    106164,   1.88,   6.71,
                    Toll use,         0,      0,      0,         0,      0,      0,         0,      0,      0,         0,      0,      0,-,-,-,         0,      0,      0
            4) School Trips,-,-,-,-,-,-,-,-,-,-,-,-,    122333,  57.94,  57.94,    122333,   2.17,  57.94,
                        School Bus,-,-,-,-,-,-,-,-,-,-,-,-,     84822,  40.17,  69.34,     84822,   1.50,  69.34,
                        Drive Self,-,-,-,-,-,-,-,-,-,-,-,-,      6122,   2.90,   5.00,      6122,   0.11,   5.00,
                        Drop Off,-,-,-,-,-,-,-,-,-,-,-,-,     31390,  14.87,  25.66,     31390,   0.56,  25.66,
                    K-6,-,-,-,-,-,-,-,-,-,-,-,-,     63382,  30.02,  51.81,     63382,   1.12,  51.81,
                        School Bus,-,-,-,-,-,-,-,-,-,-,-,-,     46145,  21.86,  72.81,     46145,   0.82,  72.81,
                        Drive Self,-,-,-,-,-,-,-,-,-,-,-,-,         0,      0,      0,         0,      0,      0,
                        Drop Off,-,-,-,-,-,-,-,-,-,-,-,-,     17236,   8.16,  27.19,     17236,   0.31,  27.19,
                    7-12,-,-,-,-,-,-,-,-,-,-,-,-,     58951,  27.92,  48.19,     58951,   1.05,  48.19,
                        School Bus,-,-,-,-,-,-,-,-,-,-,-,-,     38676,  18.32,  65.61,     38676,   0.69,  65.61,
                        Drive Self,-,-,-,-,-,-,-,-,-,-,-,-,      6122,   2.90,  10.38,      6122,   0.11,  10.38,
                        Drop Off,-,-,-,-,-,-,-,-,-,-,-,-,     14153,   6.70,  24.01,     14153,   0.25,  24.01
        3) Transit,     18509,   2.83,   2.99,         0,      0,      0,     25371,   0.82,   0.93,     10768,   0.64,   0.69,-,-,-,     54648,   0.97,   1.09
            4) Local Bus,      6273,   0.96,  33.89,         0,      0,      0,      9822,   0.32,  38.71,      2816,   0.17,  26.15,-,-,-,     18910,   0.34,  34.60,
                    LCL Walk,      6142,   0.94,  97.91,         0,      0,   0.00,      9762,   0.32,  99.40,      2739,   0.16,  97.28,-,-,-,     18643,   0.33,  98.59,
                    LCL Drive,       131,   0.02,   2.09,         0,      0,   0.00,        59,   0.00,   0.60,        77,   0.00,   2.72,-,-,-,       267,   0.00,   1.41
            4) BRT,        72,   0.01,   0.39,         0,      0,      0,       154,   0.01,   0.61,        39,   0.00,   0.36,-,-,-,       265,   0.00,   0.49,
                    BRT Walk,        70,   0.01,  96.51,         0,      0,   0.00,       151,   0.00,  97.99,        36,   0.00,  93.02,-,-,-,       257,   0.00,  96.86,
                    BRT Drive,         3,   0.00,   3.49,         0,      0,   0.00,         3,   0.00,   2.01,         3,   0.00,   6.98,-,-,-,         8,   0.00,   3.14
            4) MODE9,       681,   0.10,   3.68,         0,      0,      0,      1803,   0.06,   7.11,       727,   0.04,   6.76,-,-,-,      3211,   0.06,   5.88,
                    MODE9 Walk,       678,   0.10,  99.52,         0,      0,   0.00,      1798,   0.06,  99.71,       724,   0.04,  99.57,-,-,-,      3199,   0.06,  99.64,
                    MODE9 Drive,         3,   0.00,   0.48,         0,      0,   0.00,         5,   0.00,   0.29,         3,   0.00,   0.43,-,-,-,        12,   0.00,   0.36
            4) Express Bus,         0,      0,      0,         0,      0,      0,         0,      0,      0,         0,      0,      0,-,-,-,         0,      0,      0,
                    EXP Walk,         0,      0,   0.00,         0,      0,   0.00,         0,      0,   0.00,         0,      0,   0.00,-,-,-,         0,      0,   0.00,
                    EXP Drive,         0,      0,   0.00,         0,      0,   0.00,         0,      0,   0.00,         0,      0,   0.00,-,-,-,         0,      0,   0.00
            4) Light Rail,      7911,   1.21,  42.74,         0,      0,      0,     11928,   0.39,  47.02,      6419,   0.38,  59.61,-,-,-,     26258,   0.47,  48.05,
                    LRT Walk,      7256,   1.11,  91.72,         0,      0,   0.00,     11431,   0.37,  95.84,      6113,   0.36,  95.24,-,-,-,     24801,   0.44,  94.45,
                    LRT Drive,       655,   0.10,   8.28,         0,      0,   0.00,       497,   0.02,   4.16,       306,   0.02,   4.76,-,-,-,      1457,   0.03,   5.55
            4) Comm. Rail,      3559,   0.54,  19.23,         0,      0,      0,      1651,   0.05,   6.51,       758,   0.04,   7.04,-,-,-,      5968,   0.11,  10.92,
                    CRT Walk,      2792,   0.43,  78.45,         0,      0,   0.00,      1303,   0.04,  78.95,       499,   0.03,  65.80,-,-,-,      4594,   0.08,  76.98,
                    CRT Drive,       767,   0.12,  21.55,         0,      0,   0.00,       347,   0.01,  21.05,       259,   0.02,  34.20,-,-,-,      1374,   0.02,  23.02,
  
   Run ID (RID card): v831_SE19_Net19,
   Socio-Economic year modeled:         2019,
   Network infrastructure year modeled: 2019,
   Period the results apply to:  Off-Peak Period,
   Shares\v831_SE19_Net19_RegionShares_Ok.csv,
   For this run Mode Choice was run in its regular form (i.e. not bypassed with approximation).,
   NOTE:  Indentations correspond with each level in the nested Logit choice model.
